INSERT INTO Users (user_id, first_name, last_name, email, username, password, join_date, current_points) VALUES
(1, 'Alice', 'Smith', 'alice.smith@example.com', 'alice_smith', 'password1', '2021-01-15', 2100),
(2, 'Bob', 'Johnson', 'bob.johnson@example.com', 'bob_johnson', 'password2', '2021-02-10', 2500),
(3, 'Charlie', 'Williams', 'charlie.williams@example.com', 'charlie_williams', 'password3', '2021-03-05', 2000),
(4, 'Diana', 'Brown', 'diana.brown@example.com', 'diana_brown', 'password4', '2021-04-12', 2800),
(5, 'Edward', 'Jones', 'edward.jones@example.com', 'edward_jones', 'password5', '2021-05-18', 2100),
(6, 'Fiona', 'Miller', 'fiona.miller@example.com', 'fiona_miller', 'password6', '2021-06-20', 2300),
(7, 'George', 'Davis', 'george.davis@example.com', 'george_davis', 'password7', '2021-07-14', 2750),
(8, 'Hannah', 'Garcia', 'hannah.garcia@example.com', 'hannah_garcia', 'password8', '2021-08-09', 2100),
(9, 'Ian', 'Martinez', 'ian.martinez@example.com', 'ian_martinez', 'password9', '2021-09-03', 2300),
(10, 'Julia', 'Rodriguez', 'julia.rodriguez@example.com', 'julia_rodriguez', 'password10', '2021-10-11', 2600),
(11, 'Kevin', 'Martins', 'kevin.martins@example.com', 'kevin_martins', 'password11', '2021-11-07', 2900),
(12, 'Laura', 'Hernandez', 'laura.hernandez@example.com', 'laura_hernandez', 'password12', '2021-12-01', 2100),
(13, 'Michael', 'Lopez', 'michael.lopez@example.com', 'michael_lopez', 'password13', '2022-01-08', 2400),
(14, 'Nina', 'Gonzalez', 'nina.gonzalez@example.com', 'nina_gonzalez', 'password14', '2022-02-12', 2800),
(15, 'Oscar', 'Wilson', 'oscar.wilson@example.com', 'oscar_wilson', 'password15', '2022-03-15', 2650),
(16, 'Paula', 'Anderson', 'paula.anderson@example.com', 'paula_anderson', 'password16', '2022-04-20', 2200),
(17, 'Quentin', 'Thomas', 'quentin.thomas@example.com', 'quentin_thomas', 'password17', '2022-05-25', 2950),
(18, 'Rachel', 'Taylor', 'rachel.taylor@example.com', 'rachel_taylor', 'password18', '2022-06-30', 2005),
(19, 'Steven', 'Moore', 'steven.moore@example.com', 'steven_moore', 'password19', '2022-07-15', 4750),
(20, 'Tina', 'Jackson', 'tina.jackson@example.com', 'tina_jackson', 'password20', '2022-08-10', 2850),
(21, 'Ursula', 'Martin', 'ursula.martin@example.com', 'ursula_martin', 'password21', '2022-09-05', 2000),
(22, 'Victor', 'Lee', 'victor.lee@example.com', 'victor_lee', 'password22', '2022-10-12', 2700),
(23, 'Wendy', 'Perez', 'wendy.perez@example.com', 'wendy_perez', 'password23', '2022-11-18', 2200),
(24, 'Xavier', 'Thompson', 'xavier.thompson@example.com', 'xavier_thompson', 'password24', '2022-12-21', 2400),
(25, 'Yasmin', 'White', 'yasmin.white@example.com', 'yasmin_white', 'password25', '2023-01-10', 2500),
(26, 'Zach', 'Harris', 'zach.harris@example.com', 'zach_harris', 'password26', '2023-02-14', 2100),
(27, 'Angela', 'Sanchez', 'angela.sanchez@example.com', 'angela_sanchez', 'password27', '2023-03-05', 2900),
(28, 'Brian', 'Clark', 'brian.clark@example.com', 'brian_clark', 'password28', '2023-03-29', 2650),
(29, 'Catherine', 'Ramirez', 'catherine.ramirez@example.com', 'catherine_ramirez', 'password29', '2023-04-22', 2200),
(30, 'Derek', 'Lewis', 'derek.lewis@example.com', 'derek_lewis', 'password30', '2023-05-11', 2750),
(31, 'Elaine', 'Robinson', 'elaine.robinson@example.com', 'elaine_robinson', 'password31', '2023-05-29', 4050),
(32, 'Frank', 'Walker', 'frank.walker@example.com', 'frank_walker', 'password32', '2023-06-15', 4950),
(33, 'Gloria', 'Young', 'gloria.young@example.com', 'gloria_young', 'password33', '2023-07-05', 4850),
(34, 'Henry', 'Allen', 'henry.allen@example.com', 'henry_allen', 'password34', '2023-07-28', 2150),
(35, 'Isabelle', 'King', 'isabelle.king@example.com', 'isabelle_king', 'password35', '2023-08-19', 2250),
(36, 'Jack', 'Scott', 'jack.scott@example.com', 'jack_scott', 'password36', '2023-09-12', 4700),
(37, 'Karen', 'Green', 'karen.green@example.com', 'karen_green', 'password37', '2023-10-01', 2300),
(38, 'Leonard', 'Baker', 'leonard.baker@example.com', 'leonard_baker', 'password38', '2023-10-24', 2800),
(39, 'Monica', 'Adams', 'monica.adams@example.com', 'monica_adams', 'password39', '2023-11-15', 3100),
(40, 'Nathan', 'Nelson', 'nathan.nelson@example.com', 'nathan_nelson', 'password40', '2023-12-07', 3000),
(41, 'Olivia', 'Carroll', 'olivia.carroll@example.com', 'olivia_carroll', 'password41', '2024-01-05', 2100),
(42, 'Paul', 'Mason', 'paul.mason@example.com', 'paul_mason', 'password42', '2024-01-15', 2950),
(43, 'Queenie', 'Foster', 'queenie.foster@example.com', 'queenie_foster', 'password43', '2024-01-22', 3000),
(44, 'Richard', 'Hunter', 'richard.hunter@example.com', 'richard_hunter', 'password44', '2024-01-30', 2850),
(45, 'Samantha', 'Berry', 'samantha.berry@example.com', 'samantha_berry', 'password45', '2024-02-07', 3100),
(46, 'Thomas', 'Chapman', 'thomas.chapman@example.com', 'thomas_chapman', 'password46', '2024-02-14', 3000),
(47, 'Ulysses', 'Grant', 'ulysses.grant@example.com', 'ulysses_grant', 'password47', '2024-02-22', 2900),
(48, 'Vanessa', 'Craig', 'vanessa.craig@example.com', 'vanessa_craig', 'password48', '2024-03-01', 2200),
(49, 'William', 'Bennett', 'william.bennett@example.com', 'william_bennett', 'password49', '2024-03-08', 2150),
(50, 'Xena', 'Griffin', 'xena.griffin@example.com', 'xena_griffin', 'password50', '2024-03-15', 2100),
(51, 'Yvonne', 'Carpenter', 'yvonne.carpenter@example.com', 'yvonne_carpenter', 'password51', '2024-03-22', 2800),
(52, 'Zachary', 'George', 'zachary.george@example.com', 'zachary_george', 'password52', '2024-03-29', 2050),
(53, 'Aaron', 'Perry', 'aaron.perry@example.com', 'aaron_perry', 'password53', '2024-04-05', 2900),
(54, 'Bianca', 'Holland', 'bianca.holland@example.com', 'bianca_holland', 'password54', '2024-04-12', 3000),
(55, 'Caleb', 'Banks', 'caleb.banks@example.com', 'caleb_banks', 'password55', '2024-04-19', 2950),
(56, 'Deborah', 'Barker', 'deborah.barker@example.com', 'deborah_barker', 'password56', '2024-04-26', 3100),
(57, 'Ethan', 'Watts', 'ethan.watts@example.com', 'ethan_watts', 'password57', '2024-05-03', 3150),
(58, 'Francesca', 'Little', 'francesca.little@example.com', 'francesca_little', 'password58', '2024-05-10', 2850),
(59, 'Gavin', 'Moss', 'gavin.moss@example.com', 'gavin_moss', 'password59', '2024-05-17', 3000),
(60, 'Helena', 'Baldwin', 'helena.baldwin@example.com', 'helena_baldwin', 'password60', '2024-05-24', 3200),
(61, 'Isaac', 'Patrick', 'isaac.patrick@example.com', 'isaac_patrick', 'password61', '2024-05-31', 2950),
(62, 'Jennifer', 'French', 'jennifer.french@example.com', 'jennifer_french', 'password62', '2024-06-07', 4050),
(63, 'Kyle', 'Harvey', 'kyle.harvey@example.com', 'kyle_harvey', 'password63', '2024-06-14', 3000),
(64, 'Linda', 'Barrett', 'linda.barrett@example.com', 'linda_barrett', 'password64', '2024-06-21', 2800),
(65, 'Marcus', 'Dennis', 'marcus.dennis@example.com', 'marcus_dennis', 'password65', '2024-06-28', 3100),
(66, 'Natalie', 'Todd', 'natalie.todd@example.com', 'natalie_todd', 'password66', '2024-07-05', 3200),
(67, 'Owen', 'Craig', 'owen.craig@example.com', 'owen_craig', 'password67', '2024-07-12', 2900),
(68, 'Penelope', 'Day', 'penelope.day@example.com', 'penelope_day', 'password68', '2024-07-19', 3050),
(69, 'Quincy', 'Hicks', 'quincy.hicks@example.com', 'quincy_hicks', 'password69', '2024-07-26', 2950),
(70, 'Rose', 'Sutton', 'rose.sutton@example.com', 'rose_sutton', 'password70', '2024-08-02', 3000),
(71, 'Samuel', 'Douglas', 'samuel.douglas@example.com', 'samuel_douglas', 'password71', '2024-08-09', 3150),
(72, 'Tamara', 'Stephens', 'tamara.stephens@example.com', 'tamara_stephens', 'password72', '2024-08-16', 3100),
(73, 'Umar', 'Walton', 'umar.walton@example.com', 'umar_walton', 'password73', '2024-08-23', 3000),
(74, 'Violet', 'Fleming', 'violet.fleming@example.com', 'violet_fleming', 'password74', '2024-08-30', 3050),
(75, 'Walter', 'Benson', 'walter.benson@example.com', 'walter_benson', 'password75', '2024-09-06', 3900),
(76, 'Ximena', 'Jennings', 'ximena.jennings@example.com', 'ximena_jennings', 'password76', '2024-09-13', 3100),
(77, 'Yuri', 'Weber', 'yuri.weber@example.com', 'yuri_weber', 'password77', '2024-09-20', 3200),
(78, 'Zoe', 'Hodges', 'zoe.hodges@example.com', 'zoe_hodges', 'password78', '2024-09-27', 3950),
(79, 'Albert', 'Parsons', 'albert.parsons@example.com', 'albert_parsons', 'password79', '2024-10-04', 3005),
(80, 'Bethany', 'Hampton', 'bethany.hampton@example.com', 'bethany_hampton', 'password80', '2024-10-11', 3000),
(81, 'Colin', 'Pope', 'colin.pope@example.com', 'colin_pope', 'password81', '2024-10-18', 3100),
(82, 'Danielle', 'Nash', 'danielle.nash@example.com', 'danielle_nash', 'password82', '2024-10-25', 3200),
(83, 'Elliot', 'Summers', 'elliot.summers@example.com', 'elliot_summers', 'password83', '2024-11-01', 3150),
(84, 'Faith', 'Norton', 'faith.norton@example.com', 'faith_norton', 'password84', '2024-11-08', 2900),
(85, 'Graham', 'Skinner', 'graham.skinner@example.com', 'graham_skinner', 'password85', '2024-11-15', 3000),
(86, 'Holly', 'Wilcox', 'holly.wilcox@example.com', 'holly_wilcox', 'password86', '2024-11-22', 3050),
(87, 'Ian', 'Richmond', 'ian.richmond@example.com', 'ian_richmond', 'password87', '2024-11-29', 2950),
(88, 'Jasmine', 'Kirk', 'jasmine.kirk@example.com', 'jasmine_kirk', 'password88', '2024-12-06', 3150),
(89, 'Kieran', 'Holloway', 'kieran.holloway@example.com', 'kieran_holloway', 'password89', '2024-12-13', 3000),
(90, 'Lily', 'Giles', 'lily.giles@example.com', 'lily_giles', 'password90', '2024-12-20', 3200),
(91, 'Miles', 'Schneider', 'miles.schneider@example.com', 'miles_schneider', 'password91', '2024-12-27', 3100),
(92, 'Nora', 'Sampson', 'nora.sampson@example.com', 'nora_sampson', 'password92', '2025-01-03', 3050),
(93, 'Omar', 'Strickland', 'omar.strickland@example.com', 'omar_strickland', 'password93', '2025-01-10', 2950),
(94, 'Phoebe', 'English', 'phoebe.english@example.com', 'phoebe_english', 'password94', '2025-01-17', 3000),
(95, 'Quinn', 'Yates', 'quinn.yates@example.com', 'quinn_yates', 'password95', '2025-01-24', 3150),
(96, 'Riley', 'Barlow', 'riley.barlow@example.com', 'riley_barlow', 'password96', '2025-01-31', 3050),
(97, 'Sophie', 'Joyce', 'sophie.joyce@example.com', 'sophie_joyce', 'password97', '2025-02-07', 3100),
(98, 'Tyler', 'Riggs', 'tyler.riggs@example.com', 'tyler_riggs', 'password98', '2025-02-14', 3000),
(99, 'Uma', 'Buckley', 'uma.buckley@example.com', 'uma_buckley', 'password99', '2025-02-21', 3200),
(100, 'Zara', 'Gibson', 'zara.gibson@example.com', 'zara_gibson', 'password100', '2025-02-28', 3500);

INSERT INTO Authors (author_id, first_name, last_name, bio, birth_date, death_date, nationality) VALUES
(1, 'Joanne', 'Rowling', 'British author, best known for the Harry Potter series.', '1965-07-31', NULL, 'British'),
(2, 'John', 'Tolkien', 'English writer, poet, and university professor, author of The Lord of the Rings.', '1892-01-03', '1973-09-02', 'British'),
(3, 'George', 'Martin', 'American novelist and short-story writer in the fantasy genre.', '1948-09-20', NULL, 'American'),
(4, 'Arthur', 'Doyle', 'British writer, creator of Sherlock Holmes.', '1859-05-22', '1930-07-07', 'British'),
(5, 'Agatha', 'Christie', 'English writer known for detective novels.', '1890-09-15', '1976-01-12', 'British'),
(6, 'Stephenie', 'Meyer', 'American novelist best known for the Twilight series.', '1973-12-24', NULL, 'American'),
(7, 'Veronica', 'Roth', 'American novelist and short story writer known for Divergent trilogy.', '1988-08-19', NULL, 'American'),
(8, 'C.S.', 'Lewis', 'British writer and lay theologian, author of The Chronicles of Narnia.', '1898-11-29', '1963-11-22', 'British'),
(9, 'Terry', 'Pratchett', 'English humorist, satirist, and author of fantasy novels.', '1948-04-28', '2015-03-12', 'British'),
(10, 'Isaac', 'Asimov', 'Prolific science fiction writer and professor of biochemistry.', '1920-01-02', '1992-04-06', 'American'),
(11, 'Philip', 'Pullman', 'English novelist best known for His Dark Materials trilogy.', '1946-10-19', NULL, 'British'),
(12, 'J.D.', 'Salinger', 'American writer known for The Catcher in the Rye.', '1919-01-01', '2010-01-27', 'American'),
(13, 'Harper', 'Lee', 'American novelist widely known for To Kill a Mockingbird.', '1926-04-28', '2016-02-19', 'American'),
(14, 'George', 'Orwell', 'English novelist, essayist, and critic.', '1903-06-25', '1950-01-21', 'British'),
(15, 'Aldous', 'Huxley', 'English writer and philosopher, author of Brave New World.', '1894-07-26', '1963-11-22', 'British'),
(16, 'Ray', 'Bradbury', 'American author and screenwriter.', '1920-08-22', '2012-06-05', 'American'),
(17, 'Charlotte', 'Bronte', 'English novelist and poet.', '1816-04-21', '1855-03-31', 'British'),
(18, 'Emily', 'Bronte', 'English novelist and poet.', '1818-07-30', '1848-12-19', 'British'),
(19, 'Jane', 'Austen', 'English novelist known for her six major novels.', '1775-12-16', '1817-07-18', 'British'),
(20, 'Charles', 'Dickens', 'English writer and social critic.', '1812-02-07', '1870-06-09', 'British'),
(21, 'Bram', 'Stoker', 'Irish author best known for Dracula.', '1847-11-08', '1912-04-20', 'Irish'),
(22, 'Mary', 'Shelley', 'English novelist who wrote Frankenstein.', '1797-08-30', '1851-02-01', 'British'),
(23, 'Oscar', 'Wilde', 'Irish poet and playwright.', '1854-10-16', '1900-11-30', 'Irish'),
(24, 'Victor', 'Hugo', 'French poet, novelist, and dramatist.', '1802-02-26', '1885-05-22', 'French'),
(25, 'Leo', 'Tolstoy', 'Russian writer who is regarded as one of the greatest authors of all time.', '1828-09-09', '1910-11-20', 'Russian'),
(26, 'Fyodor', 'Dostoevsky', 'Russian novelist, short story writer, essayist, and journalist.', '1821-11-11', '1881-02-09', 'Russian'),
(27, 'Alexandre', 'Dumas', 'French writer known for The Count of Monte Cristo.', '1802-07-24', '1870-12-05', 'French'),
(28, 'Louisa', 'Alcott', 'American novelist known for Little Women.', '1832-11-29', '1888-03-06', 'American'),
(29, 'Frances', 'Burnett', 'British-American novelist and playwright.', '1849-11-24', '1924-10-29', 'British'),
(30, 'Lucy', 'Montgomery', 'Canadian author best known for Anne of Green Gables.', '1874-11-30', '1942-04-24', 'Canadian'),
(31, 'Jack', 'London', 'American novelist and journalist.', '1876-01-12', '1916-11-22', 'American'),
(32, 'Robert', 'Stevenson', 'Scottish novelist, poet, and travel writer.', '1850-11-13', '1894-12-03', 'Scottish'),
(33, 'Daniel', 'Defoe', 'English trader, writer, and journalist.', '1660-09-13', '1731-04-24', 'British'),
(34, 'Jonathan', 'Swift', 'Irish satirist, essayist, political pamphleteer, and poet.', '1667-11-30', '1745-10-19', 'Irish'),
(35, 'Herman', 'Melville', 'American novelist, short story writer, and poet.', '1819-08-01', '1891-09-28', 'American'),
(36, 'Mark', 'Twain', 'American writer, humorist, entrepreneur, publisher, and lecturer.', '1835-11-30', '1910-04-21', 'American'),
(37, 'John', 'Steinbeck', 'American author and the 1962 Nobel Prize in Literature laureate.', '1902-02-27', '1968-12-20', 'American'),
(38, 'Ernest', 'Hemingway', 'American novelist, short-story writer, and journalist.', '1899-07-21', '1961-07-02', 'American'),
(39, 'F. Scott', 'Fitzgerald', 'American novelist, essayist, screenwriter, and short-story writer.', '1896-09-24', '1940-12-21', 'American'),
(40, 'Jack', 'Kerouac', 'American novelist and poet.', '1922-03-12', '1969-10-21', 'American'),
(41, 'Kurt', 'Vonnegut', 'American writer known for his satirical novels.', '1922-11-11', '2007-04-11', 'American'),
(42, 'Joseph', 'Heller', 'American author of novels, short stories, plays, and screenplays.', '1923-05-01', '1999-12-12', 'American'),
(43, 'Gabriel', 'Garcia Marquez', 'Colombian novelist and one of the greatest writers of the 20th century.', '1927-03-06', '2014-04-17', 'Colombian'),
(44, 'Paulo', 'Coelho', 'Brazilian lyricist and novelist.', '1947-08-24', NULL, 'Brazilian'),
(45, 'Carlos', 'Ruiz Zafon', 'Spanish novelist.', '1964-09-25', '2020-06-19', 'Spanish'),
(46, 'Miguel', 'de Cervantes', 'Spanish writer widely regarded as one of the greatest writers.', '1547-09-29', '1616-04-23', 'Spanish'),
(47, 'Dante', 'Alighieri', 'Italian poet, writer and philosopher.', '1265-05-21', '1321-09-14', 'Italian'),
(48, 'Homer', '', 'Ancient Greek author of the Iliad and the Odyssey.', '0800-01-01', NULL, 'Greek'),
(49, 'Ovid', '', 'Roman poet best known for Metamorphoses.', '0043-03-20', '0017-01-01', 'Roman'),
(50, 'Virgil', '', 'Ancient Roman poet of the Augustan period.', '0070-10-15', '0019-09-21', 'Roman');

INSERT INTO Genres (genre_id, name) VALUES
(1, 'Fantasy'),
(2, 'Science Fiction'),
(3, 'Mystery'),
(4, 'Romance'),
(5, 'Historical Fiction'),
(6, 'Horror'),
(7, 'Thriller'),
(8, 'Biography'),
(9, 'Philosophy'),
(10, 'Poetry'),
(11, 'Dystopian'),
(12, 'Contemporary'),
(13, 'Adventure'),
(14, 'Classics'),
(15, 'Young Adult'),
(16, 'Drama'),
(17, 'Children'),
(18, 'Satire'),
(19, 'Spirituality'),
(20, 'Self Help');

INSERT INTO Series (series_id, name, description) VALUES
(1, 'Harry Potter', 'The magical adventures of Harry Potter and his friends at Hogwarts.'),
(2, 'The Lord of the Rings', 'An epic tale of the battle for Middle-earth and the One Ring.'),
(3, 'A Song of Ice and Fire', 'A complex saga of power, betrayal, and politics in Westeros.'),
(4, 'Sherlock Holmes', 'Detective stories featuring Sherlock Holmes and Dr. Watson.'),
(5, 'The Hunger Games', 'A dystopian series about survival and rebellion.'),
(6, 'Divergent', 'A dystopian trilogy about identity, freedom, and society.'),
(7, 'Twilight', 'A romantic fantasy involving vampires and werewolves.'),
(8, 'The Chronicles of Narnia', 'Fantasy series set in the magical land of Narnia.'),
(9, 'Discworld', 'A satirical fantasy series set on the Discworld.'),
(10, 'Foundation', 'Science fiction series about the fall and rise of civilizations.'),
(11, 'His Dark Materials', 'A fantasy trilogy exploring parallel universes and deep themes.'),
(12, 'Standalone Books', 'A collection for books not belonging to any series.');

INSERT INTO Publishers (publisher_id, name, country, city, street_number, building_number, founded_year) VALUES
(1, 'Bloomsbury Publishing', 'United Kingdom', 'London', '50 Bedford Square', 'B1', 1986),
(2, 'Houghton Mifflin', 'United States', 'Boston', '125 High Street', 'HM1', 1832),
(3, 'Bantam Books', 'United States', 'New York', '1745 Broadway', 'BB5', 1945),
(4, 'Penguin Books', 'United Kingdom', 'London', '80 Strand', 'P2', 1935),
(5, 'Scholastic Press', 'United States', 'New York', '555 Broadway', 'S1', 1920),
(6, 'HarperCollins', 'United States', 'New York', '195 Broadway', 'H3', 1989),
(7, 'Macmillan Publishers', 'United Kingdom', 'London', '4 Crinan Street', 'M4', 1843),
(8, 'Orbit Books', 'United Kingdom', 'London', 'Little Russell Street', 'O6', 1974),
(9, 'Del Rey Books', 'United States', 'New York', '345 Hudson Street', 'D7', 1977),
(10, 'Vintage Books', 'United States', 'New York', '1745 Broadway', 'V8', 1954);

INSERT INTO Books (book_id, title, description, series_id, author_id) VALUES
(1, 'Harry Potter and the Sorcerer''s Stone', 'Harry discovers he''s a wizard on his 11th birthday and attends Hogwarts, uncovering the mystery of the Sorcerer''s Stone.', 1.0, 1),
(2, 'Harry Potter and the Chamber of Secrets', 'Harry returns to Hogwarts and uncovers a hidden chamber where a monster has been attacking students.', 1.0, 1),
(3, 'Harry Potter and the Prisoner of Azkaban', 'Harry learns that escaped prisoner Sirius Black may be after him and uncovers truths about his past.', 1.0, 1),
(4, 'Harry Potter and the Goblet of Fire', 'Harry is entered into the dangerous Triwizard Tournament and faces Lord Voldemort''s terrifying return.', 1.0, 1),
(5, 'Harry Potter and the Order of the Phoenix', 'Harry forms Dumbledore’s Army to battle rising threats and government denial of Voldemort''s return.', 1.0, 1),
(6, 'Harry Potter and the Half-Blood Prince', 'Harry explores Voldemort’s past while using a mysterious potions book marked by the Half-Blood Prince.', 1.0, 1),
(7, 'Harry Potter and the Deathly Hallows', 'Harry, Ron, and Hermione hunt Horcruxes and learn of the Deathly Hallows in their final fight against Voldemort.', 1.0, 1),
(8, 'The Fellowship of the Ring', 'Frodo inherits the One Ring and begins a perilous journey with eight companions to destroy it in Mount Doom.', 2.0, 2),
(9, 'The Two Towers', 'Frodo and Sam continue toward Mordor while Aragorn, Legolas, and Gimli battle enemies and seek allies.', 2.0, 2),
(10, 'The Return of the King', 'The final battle for Middle-earth approaches as Frodo nears Mount Doom to destroy the One Ring.', 2.0, 2),
(11, 'A Game of Thrones', 'Noble families vie for control of the Iron Throne amid political intrigue and looming supernatural threats.', 3.0, 3),
(12, 'A Clash of Kings', 'Civil war erupts across Westeros as five kings battle for power and Daenerys seeks her destiny.', 3.0, 3),
(13, 'A Storm of Swords', 'Alliances shift and betrayals abound as key characters fight for survival in a brutal war-torn realm.', 3.0, 3),
(14, 'A Feast for Crows', 'Aftermath of war brings political maneuvering, new powers, and personal ambitions clashing across Westeros.', 3.0, 3),
(15, 'A Dance with Dragons', 'Characters on both sides of the Narrow Sea face new threats and decisions as winter approaches.', 3.0, 3),
(16, 'A Study in Scarlet', 'Sherlock Holmes and Dr. Watson solve a baffling murder with roots in America’s wild frontier.', 4.0, 4),
(17, 'The Sign of the Four', 'Holmes uncovers a hidden treasure and a secret pact while solving a mysterious murder.', 4.0, 4),
(18, 'The Hound of the Baskervilles', 'Holmes investigates a legendary curse plaguing a noble family on the moors of Devonshire.', 4.0, 4),
(19, 'The Valley of Fear', 'A mysterious murder at a country house leads Holmes to unravel a conspiracy from America’s past.', 4.0, 4),
(20, 'Murder on the Orient Express', 'Detective Poirot solves a murder aboard a snowbound train filled with secrets and suspects.', NULL, 5),
(21, 'And Then There Were None', 'Ten strangers are lured to an island where they are killed one by one according to a nursery rhyme.', NULL, 5),
(22, 'The Murder of Roger Ackroyd', 'A twisty whodunit where the narrator plays a shocking role in the mystery Poirot must solve.', NULL, 5),
(23, 'Death on the Nile', 'Poirot’s vacation turns deadly when a wealthy heiress is murdered aboard a luxury cruise in Egypt.', NULL, 5),
(24, 'Twilight', 'Teenager Bella Swan falls in love with vampire Edward Cullen, risking everything for their forbidden romance.', 7.0, 6),
(25, 'New Moon', 'Heartbroken after Edward leaves, Bella finds solace in her friendship with Jacob — and discovers he''s a werewolf.', 7.0, 6),
(26, 'Eclipse', 'Bella must choose between Edward and Jacob as a string of killings points to a deadly vampire army.', 7.0, 6),
(27, 'Breaking Dawn', 'Bella and Edward marry, face unexpected consequences, and prepare for a final confrontation with the Volturi.', 7.0, 6),
(28, 'Divergent', 'In a divided society, Tris discovers she is Divergent and must uncover the truth behind the system’s flaws.', 6.0, 7),
(29, 'Insurgent', 'Tris and Four fight to uncover the truth about their world as conflict brews between factions.', 6.0, 7),
(30, 'Allegiant', 'Tris and her allies venture beyond the wall and learn the shocking truth behind their dystopian society.', 6.0, 7),
(31, 'The Lion, the Witch and the Wardrobe', 'Four siblings enter the magical land of Narnia and help Aslan defeat the White Witch.', 8.0, 8),
(32, 'Prince Caspian', 'The Pevensie children return to Narnia to aid Prince Caspian in reclaiming his rightful throne.', 8.0, 8),
(33, 'The Voyage of the Dawn Treader', 'Lucy, Edmund, and their cousin Eustace journey with Caspian across the sea to find lost lords.', 8.0, 8),
(34, 'The Silver Chair', 'Eustace and Jill are sent to Narnia to rescue Prince Rilian, lost under an evil enchantment.', 8.0, 8),
(35, 'Foundation', 'Hari Seldon’s plan to save knowledge from galactic collapse leads to the creation of the Foundation.', 10.0, 10),
(36, 'Foundation and Empire', 'The Foundation faces threats from a decaying empire and the rise of a powerful mutant, the Mule.', 10.0, 10),
(37, 'Second Foundation', 'A hidden group with psychic powers works behind the scenes to ensure the success of the Seldon Plan.', 10.0, 10),
(38, 'Northern Lights', 'Lyra uncovers a sinister plot involving kidnapped children and journeys north to rescue her friend.', 11.0, 11),
(39, 'The Subtle Knife', 'Lyra meets Will, bearer of the Subtle Knife, and they travel between worlds to uncover cosmic secrets.', 11.0, 11),
(40, 'The Amber Spyglass', 'Lyra and Will face gods and angels in a final battle that will determine the fate of all worlds.', 11.0, 11),
(51, 'Shirley', 'A social and political novel focusing on industrial unrest in Yorkshire, with a strong female protagonist.', NULL, 17),
(52, 'Villette', 'A young woman travels alone to a fictional city to teach at a girls'' school and discovers herself.', NULL, 17),
(53, 'Sense and Sensibility', 'Two sisters navigate love and heartbreak while adhering to societal expectations in Regency England.', NULL, 19),
(54, 'Emma', 'A wealthy and self-assured young woman attempts matchmaking, often misjudging the emotions of others.', NULL, 19),
(55, 'Mansfield Park', 'A poor girl is raised by wealthy relatives and grapples with her place in society and love.', NULL, 19),
(56, 'Persuasion', 'A woman reunites with her former fiancé after years of separation, rediscovering love and self-worth.', NULL, 19),
(57, 'Great Expectations', 'The growth and personal development of an orphan named Pip, influenced by a mysterious benefactor.', NULL, 20),
(58, 'Oliver Twist', 'A young orphan escapes a workhouse and joins a group of child criminals in London.', NULL, 20),
(59, 'A Tale of Two Cities', 'A historical novel set in London and Paris before and during the French Revolution.', NULL, 20),
(60, 'David Copperfield', 'A semi-autobiographical story of a young man''s journey through life and hardship.', NULL, 20),
(61, 'War and Peace', 'A sweeping historical epic intertwining the lives of aristocratic families during the Napoleonic Wars.', NULL, 25),
(62, 'Anna Karenina', 'A tragic tale of love, infidelity, and societal expectations in imperial Russia.', NULL, 25),
(63, 'Crime and Punishment', 'A psychological novel following a student who commits murder and struggles with guilt and redemption.', NULL, 26),
(64, 'The Brothers Karamazov', 'A philosophical novel about faith, doubt, and morality, revolving around a patricide trial.', NULL, 26),
(65, 'The Idiot', 'A compassionate man returns to Russia and becomes entangled in a love triangle and social drama.', NULL, 26),
(66, 'Notes from Underground', 'A monologue of a bitter and isolated man, exploring themes of free will and society.', NULL, 26),
(67, 'Little Women', 'The story of four sisters coming of age during the American Civil War.', NULL, 28),
(68, 'Little Men', 'Follows Jo March''s school for boys and the lives of its lively students.', NULL, 28),
(69, 'Anne of Green Gables', 'An imaginative orphan girl is adopted by siblings and transforms their lives.', NULL, 30),
(70, 'Anne of Avonlea', 'Anne Shirley grows into her role as a teacher and community member.', NULL, 30),
(71, 'Anne of the Island', 'Anne leaves home for college, facing new challenges and romance.', NULL, 30),
(72, 'The Call of the Wild', 'A domestic dog is thrust into the wilderness and reverts to a primitive state.', NULL, 31),
(73, 'White Fang', 'A wild wolf-dog experiences both cruelty and kindness in his journey toward domestication.', NULL, 31),
(74, 'Treasure Island', 'A boy embarks on a perilous sea adventure to uncover buried treasure.', NULL, 32),
(75, 'Strange Case of Dr Jekyll and Mr Hyde', 'A scientist''s experiment splits his personality into good and evil.', NULL, 32),
(76, 'Robinson Crusoe', 'A shipwreck survivor spends years alone on a deserted island, learning to survive.', NULL, 33),
(77, 'Gulliver''s Travels', 'A satirical travelogue describing fantastical lands and reflecting on human nature.', NULL, 34),
(78, 'Moby-Dick', 'A whaling voyage becomes a pursuit of vengeance against a monstrous white whale.', NULL, 35),
(79, 'The Adventures of Tom Sawyer', 'A mischievous boy has memorable adventures along the Mississippi River.', NULL, 36),
(80, 'Adventures of Huckleberry Finn', 'A runaway boy and an escaped slave raft down the Mississippi, exploring race and freedom.', NULL, 36),
(81, 'Of Mice and Men', 'Two displaced workers pursue a dream of land ownership during the Great Depression.', NULL, 37),
(82, 'The Grapes of Wrath', 'A Dust Bowl family migrates to California in search of a better life.', NULL, 37),
(83, 'The Old Man and the Sea', 'An old fisherman battles a giant marlin in a struggle of endurance and pride.', NULL, 38),
(84, 'A Farewell to Arms', 'An ambulance driver in WWI falls in love amid the horrors of war.', NULL, 38),
(85, 'The Great Gatsby', 'A mysterious millionaire pursues a lost love in the opulent Jazz Age.', NULL, 39),
(86, 'Tender Is the Night', 'A glamorous couple’s marriage crumbles under personal and professional pressures.', NULL, 39),
(87, 'Catch-22', 'A satirical war novel about bureaucratic absurdity and the futility of escape.', NULL, 42),
(88, 'One Hundred Years of Solitude', 'The multi-generational saga of the Buendía family in the fictional town of Macondo.', NULL, 43),
(89, 'Love in the Time of Cholera', 'A lifelong love story that spans decades in a Caribbean setting.', NULL, 43),
(101, 'The Alchemist', 'A shepherd boy follows his dream in a philosophical journey to find treasure.', NULL, 44),
(102, 'Brida', 'A young woman seeks spiritual knowledge and her soulmate through mystical traditions.', NULL, 44),
(103, 'Veronika Decides to Die', 'A woman learns the value of life after attempting suicide.', NULL, 44),
(104, 'The Shadow of the Wind', 'A boy uncovers a literary mystery tied to a forgotten author in post-war Barcelona.', NULL, 45),
(105, 'The Angel’s Game', 'A struggling writer in Barcelona is offered a deal by a mysterious publisher.', NULL, 45),
(106, 'The Prisoner of Heaven', 'Secrets from the past return to haunt a bookseller in Barcelona.', NULL, 45),
(107, 'Don Quixote', 'An aging nobleman becomes a self-declared knight and embarks on absurd adventures.', NULL, 46),
(108, 'Inferno', 'Dante travels through Hell, guided by the Roman poet Virgil.', NULL, 47),
(109, 'Purgatorio', 'Dante journeys up Mount Purgatory, purging sins before reaching Paradise.', NULL, 47),
(110, 'Paradiso', 'Dante ascends through Heaven, experiencing divine love and enlightenment.', NULL, 47),
(111, 'The Iliad', 'An ancient Greek epic poem attributed to Homer, recounting the events of the Trojan War and the hero Achilles.', NULL, 48),
(112, 'The Odyssey', 'The epic journey of Odysseus as he returns home from the Trojan War, facing mythical creatures and divine wrath.', NULL, 48),
(113, 'Metamorphoses', 'A narrative poem by Ovid comprising various mythological and historical transformations.', NULL, 49),
(114, 'The Aeneid', 'An epic Latin poem by Virgil chronicling the journey of Aeneas from Troy to the founding of Rome.', NULL, 50),
(115, 'The Picture of Dorian Gray', 'Oscar Wilde’s novel about a man who remains young while a portrait of him ages, exploring vanity and moral corruption.', NULL, 23),
(116, 'The Importance of Being Earnest', 'A comedic play by Oscar Wilde highlighting themes of identity, marriage, and social norms.', NULL, 23),
(117, 'Mathilda', 'A novella by Mary Shelley addressing themes of grief, loneliness, and forbidden love.', NULL, 22),
(118, 'Dracula', 'Bram Stoker’s classic horror novel about Count Dracula’s attempt to move from Transylvania to England.', NULL, 21),
(119, 'Go Set a Watchman', 'Harper Lee’s controversial follow-up to To Kill a Mockingbird, dealing with racial tensions and personal ideals.', NULL, 13),
(120, 'Animal Farm', 'George Orwell’s allegorical novella about a group of farm animals who overthrow their human farmer.', NULL, 14),
(121, 'Island', 'Aldous Huxley’s utopian counterpart to Brave New World, exploring a society built on peace and mindfulness.', NULL, 15),
(122, 'Fahrenheit 451', 'Ray Bradbury’s dystopian novel where books are outlawed and burned to suppress dissenting ideas.', NULL, 16),
(123, 'The Martian Chronicles', 'A series of loosely connected stories by Ray Bradbury about human colonization of Mars.', NULL, 16),
(124, 'Poems by Currer, Ellis, and Acton Bell', 'A poetry collection by the Brontë sisters under their pen names.', NULL, 18),
(125, 'The Secret Garden', 'A classic children’s novel about a lonely girl who discovers a hidden, neglected garden and restores it.', NULL, 29),
(126, 'A Little Princess', 'Frances Hodgson Burnett’s novel about a wealthy girl’s fall into poverty and her unwavering kindness.', NULL, 29),
(127, 'Anne of Windy Poplars', 'Anne Shirley navigates her job as principal while maintaining her long-distance relationship with Gilbert.', NULL, 30),
(128, 'Anne''s House of Dreams', 'Anne and Gilbert begin their married life in a charming seaside house.', NULL, 30),
(129, 'Rilla of Ingleside', 'Anne’s youngest daughter comes of age during World War I, facing love and loss.', NULL, 30),
(130, 'Franny and Zooey', 'J.D. Salinger’s dual story exploring spiritual crisis and sibling relationships.', NULL, 12),
(131, 'Nine Stories', 'A collection of short stories by Salinger, exploring post-war disillusionment and innocence.', NULL, 12),
(132, 'The Sun Also Rises', 'Hemingway’s novel about American and British expatriates traveling from Paris to Pamplona.', NULL, 38),
(133, 'For Whom the Bell Tolls', 'The story of an American fighting in the Spanish Civil War, grappling with duty and mortality.', NULL, 38),
(134, 'This Side of Paradise', 'F. Scott Fitzgerald’s debut novel portraying the life and disillusionment of a young man post-WWI.', NULL, 39),
(135, 'The Beautiful and Damned', 'A portrayal of the doomed marriage of Anthony and Gloria Patch as they await an inheritance.', NULL, 39),
(151, 'The Tales of Beedle the Bard', 'A collection of wizarding children’s fairy tales referenced in the Harry Potter series.', NULL, 1),
(152, 'Fire & Blood', 'George R.R. Martin’s history of House Targaryen, spanning from Aegon’s conquest to civil war.', NULL, 3),
(153, 'The World of Ice & Fire', 'An illustrated history and world-building guide to Westeros and beyond.', NULL, 3),
(154, 'The Adventures of Sherlock Holmes', 'A collection of 12 short stories chronicling the brilliant deductions of Sherlock Holmes.', 4, 4),
(155, 'The Memoirs of Sherlock Holmes', 'Continuation of Holmes’ adventures with deeper personal revelations and cases.', 4, 4),
(156, 'His Last Bow', 'A mix of espionage and deduction stories, including Holmes’ final mission before retirement.', 4, 4),
(157, 'The ABC Murders', 'Hercule Poirot tracks a serial killer targeting victims alphabetically.', NULL, 5),
(158, 'Crooked House', 'Poirot investigates a wealthy family where everyone seems to have a motive for murder.', NULL, 5),
(159, 'The Horse and His Boy', 'A standalone tale within Narnia about a boy and a talking horse fleeing to freedom.', 8, 8),
(160, 'The Magician’s Nephew', 'The origin story of Narnia, showing how the world was created and the wardrobe came to be.', 8, 8),
(161, 'The Last Battle', 'The final Narnia tale, involving the end of the world and the children’s return to Aslan’s country.', 8, 8),
(162, 'Prelude to Foundation', 'A prequel to the Foundation series, following Hari Seldon as he develops psychohistory.', 10, 10),
(163, 'Forward the Foundation', 'The final Foundation prequel, chronicling the later years of Hari Seldon and his legacy.', 10, 10),
(164, 'The Valkyries', 'A mystical journey where Paulo Coelho seeks out a group of female warriors in the Mojave Desert.', NULL, 44),
(165, 'De Profundis', 'Oscar Wilde’s philosophical letter from prison to Lord Alfred Douglas.', NULL, 23),
(166, 'To Have and Have Not', 'A novel of economic despair in Key West, featuring a fishing boat captain turned smuggler.', NULL, 38),
(167, 'The Garden of Eden', 'An experimental novel by Hemingway about an unconventional love triangle in Europe.', NULL, 38),
(168, 'The Sea-Wolf', 'A philosophical adventure novel featuring a brutal sea captain and a refined survivor.', NULL, 31),
(169, 'The Professor', 'Charlotte Brontë’s posthumously published novel about a man seeking a new life in Belgium.', NULL, 17),
(170, 'Wuthering Heights: Poems', 'A collection of Emily Brontë’s haunting, emotional poetry.', NULL, 18),
(171, 'The Death of Ivan Ilyich', 'A profound novella by Tolstoy exploring the existential crisis of a dying man confronting his life choices.', NULL, 25),
(172, 'Demons', 'A psychological and political novel by Dostoevsky focusing on radicalism, morality, and the clash of ideologies.', NULL, 26),
(173, 'The Count of Monte Cristo', 'Dumas'' classic tale of betrayal, revenge, and redemption, following Edmond Dantès'' transformation into the Count.', NULL, 27),
(174, 'The Three Musketeers', 'A swashbuckling adventure about loyalty, bravery, and brotherhood set in 17th-century France.', NULL, 27),
(175, 'Don Quixote: Part II', 'The continuation of Don Quixote’s fantastical quests, offering deeper satire and reflection on reality.', NULL, 46),
(176, 'Homeric Hymns', 'A collection of ancient Greek hymns attributed to Homer, honoring the gods and goddesses of mythology.', NULL, 48),
(177, 'Valperga', 'A historical novel by Mary Shelley focusing on the life of Castruccio Castracani, an Italian warlord.', NULL, 22),
(178, 'The Lost Prince', 'A children’s novel about a royal heir in disguise who seeks to restore his true identity.', NULL, 29),
(179, 'The Head of the House of Coombe', 'A tale of a girl navigating the aristocratic society of Edwardian England amidst scandal and secrecy.', NULL, 29),
(180, 'Flappers and Philosophers', 'A short story collection by F. Scott Fitzgerald portraying the Jazz Age and the lost generation.', NULL, 39),
(181, 'All the Sad Young Men', 'Stories examining disillusionment and alienation among post-war American youth, also by Fitzgerald.', NULL, 39),
(182, 'Eleven Minutes', 'A sensual and philosophical novel by Paulo Coelho about love, sexuality, and self-discovery.', NULL, 44),
(183, 'The Zahir', 'A spiritual journey of a man obsessed with a woman who disappears, exploring attachment and freedom.', NULL, 44),
(184, 'A House of Pomegranates', 'A collection of Oscar Wilde’s fairy tales that blend whimsy with dark, moral undertones.', NULL, 23),
(185, 'A Connecticut Yankee in King Arthur''s Court', 'Mark Twain’s satirical time-travel novel blending modern ideas with medieval Arthurian legend.', NULL, 36),
(186, 'Men Without Women', 'Short stories by Hemingway exploring themes of masculinity, loneliness, and emotional isolation.', NULL, 38),
(187, 'Jo''s Boys', 'The sequel to *Little Men*, following the grown-up lives of Jo March’s boys.', NULL, 28),
(188, 'Twenty Years After', 'Dumas’ action-packed sequel to *The Three Musketeers*, reuniting the heroes in political intrigue.', NULL, 27),
(189, 'The Battle of Frogs and Mice', 'A humorous parody of epic battles between frogs and mice from ancient Greek tradition.', NULL, 48),
(190, 'The Great Divorce', 'C.S. Lewis’ theological allegory of heaven, hell, and the soul’s journey after death.', NULL, 8),
(191, 'Bleak House', 'A dense Dickens novel exploring legal injustice, poverty, and social decay in Victorian England.', NULL, 20),
(192, 'Homage to Catalonia', 'George Orwell’s first-hand account of his experiences during the Spanish Civil War.', NULL, 14),
(193, 'Falkner', 'Mary Shelley’s novel exploring identity, morality, and redemption through a misunderstood protagonist.', NULL, 22),
(194, 'Chronicle of a Death Foretold', 'A novella by Gabriel García Márquez about honor, fatalism, and the inevitability of violence.', NULL, 43),
(195, 'A Modest Proposal', 'Jonathan Swift’s satirical essay proposing that the poor sell their children for food to critique British policy.', NULL, 34),
(196, 'La Vita Nuova', 'Dante’s poetic work about his love for Beatrice, blending autobiography with medieval allegory.', NULL, 47),
(197, 'Moll Flanders', 'A picaresque novel by Daniel Defoe chronicling the adventures and misfortunes of a cunning woman.', NULL, 33),
(198, 'The Crack-Up', 'A personal and fragmented memoir by Fitzgerald, exploring his struggles with depression and creativity.', NULL, 39),
(199, 'The Iron Heel', 'Jack London’s dystopian novel predicting a totalitarian oligarchy rising in capitalist America.', NULL, 31),
(200, 'A Fragment of Life', 'Arthur Machen’s mystical tale about a man who discovers the hidden spiritual realm within daily life.', NULL, 18);

INSERT INTO Awards (award_id, name, description, year_started) VALUES
(1, 'Pulitzer Prize for Fiction', 'Awarded for distinguished fiction by an American author, preferably dealing with American life.', 1917),
(2, 'Man Booker Prize', 'Awarded each year for the best original novel written in English and published in the UK.', 1969),
(3, 'National Book Award', 'Recognizes outstanding literary work by US citizens.', 1950),
(4, 'Nobel Prize in Literature', 'Awarded to authors for their entire body of work with outstanding literary value.', 1901),
(5, 'Hugo Award', 'Recognizes the best science fiction or fantasy works and achievements.', 1953),
(6, 'Nebula Award', 'Presented annually by the Science Fiction and Fantasy Writers of America.', 1965),
(7, 'Costa Book Awards', 'Awarded to books by authors based in the UK and Ireland.', 1971),
(8, 'Goodreads Choice Award', 'Reader-voted award in various categories hosted by Goodreads.', 2009),
(9, 'PEN/Faulkner Award', 'Awarded for the best published works of fiction by American citizens.', 1981),
(10, 'National Book Critics Circle Award', 'Recognizes the finest books published in English.', 1974),
(11, 'Carnegie Medal', 'British literary award for outstanding books for children or young adults.', 1936),
(12, 'Newbery Medal', 'Awarded annually to the author of the most distinguished contribution to American literature for children.', 1922),
(13, 'International Dublin Literary Award', 'Awarded annually for a novel written or translated into English.', 1996),
(14, 'Bram Stoker Award', 'Presented for superior achievement in horror writing.', 1987),
(15, 'Women’s Prize for Fiction', 'Awarded to the best full-length novel of the year written by a woman.', 1996);

INSERT INTO Characters (character_id, name, role, description, series_id, book_id) VALUES
(1, 'Harry Potter', 'Protagonist', 'The Boy Who Lived, central figure in the battle against Voldemort.', 1, NULL),
(2, 'Hermione Granger', 'Protagonist', 'Brilliant and brave witch, Harry''s closest friend and ally.', 1, NULL),
(3, 'Ron Weasley', 'Protagonist', 'Loyal and humorous friend of Harry, from a large wizarding family.', 1, NULL),
(4, 'Albus Dumbledore', 'Mentor', 'Wise and powerful headmaster of Hogwarts.', 1, NULL),
(5, 'Lord Voldemort', 'Antagonist', 'Dark wizard seeking immortality and domination.', 1, NULL),
(6, 'Frodo Baggins', 'Protagonist', 'Hobbit entrusted with destroying the One Ring.', 2, NULL),
(7, 'Samwise Gamgee', 'Supporting', 'Loyal friend and companion of Frodo.', 2, NULL),
(8, 'Aragorn', 'Supporting', 'Heir of Isildur and skilled warrior.', 2, NULL),
(9, 'Gandalf', 'Mentor', 'Wizard guiding the Fellowship.', 2, NULL),
(10, 'Gollum', 'Antagonist', 'Twisted creature obsessed with the One Ring.', 2, NULL),
(11, 'Atticus Finch', 'Protagonist', 'Lawyer who defends an innocent black man in a racist town.', NULL, 15),
(12, 'Scout Finch', 'Protagonist', 'Narrator and daughter of Atticus, a curious young girl.', NULL, 15),
(13, 'Tom Robinson', 'Victim', 'Black man wrongly accused of assault.', NULL, 15),
(14, 'Boo Radley', 'Supporting', 'Mysterious neighbor who turns out to be kind-hearted.', NULL, 15),
(15, 'Winston Smith', 'Protagonist', 'Low-ranking party member who rebels against the regime.', NULL, 16),
(16, 'Julia', 'Supporting', 'Winston''s lover and fellow rebel.', NULL, 16),
(17, 'O''Brien', 'Antagonist', 'Inner Party member who deceives and tortures Winston.', NULL, 16),
(18, 'Elizabeth Bennet', 'Protagonist', 'Sharp-witted and independent woman navigating love and society.', NULL, 17),
(19, 'Mr. Darcy', 'Deuteragonist', 'Proud but honorable gentleman who falls for Elizabeth.', NULL, 17),
(20, 'Jane Eyre', 'Protagonist', 'Orphaned governess with a strong moral compass.', NULL, 18),
(21, 'Edward Rochester', 'Supporting', 'Mysterious master of Thornfield Hall.', NULL, 18),
(22, 'Count Dracula', 'Antagonist', 'Vampire nobleman spreading terror in England.', NULL, 131),
(23, 'Jonathan Harker', 'Protagonist', 'Solicitor who visits Dracula''s castle.', NULL, 131),
(24, 'Mina Harker', 'Supporting', 'Jonathan’s wife and vital figure in defeating Dracula.', NULL, 131),
(25, 'Van Helsing', 'Mentor', 'Experienced vampire hunter and scholar.', NULL, 131),
(26, 'Victor Frankenstein', 'Protagonist', 'Scientist who creates a living being from corpses.', NULL, 20),
(27, 'The Creature', 'Antagonist', 'Frankenstein’s creation seeking acceptance.', NULL, 20),
(28, 'Elizabeth Lavenza', 'Supporting', 'Victor’s cousin and fiancée.', NULL, 20),
(29, 'Holden Caulfield', 'Protagonist', 'Disaffected teenager searching for meaning in adulthood.', NULL, 115),
(30, 'Jay Gatsby', 'Protagonist', 'Wealthy and mysterious man obsessed with his past love.', NULL, 164),
(31, 'Nick Carraway', 'Narrator', 'Gatsby''s neighbor and the story’s narrator.', NULL, 164),
(32, 'Daisy Buchanan', 'Supporting', 'Gatsby’s elusive and romantic ideal.', NULL, 164),
(33, 'Jo March', 'Protagonist', 'Independent and passionate writer among four sisters.', NULL, 129),
(34, 'Meg March', 'Supporting', 'Responsible and romantic eldest sister.', NULL, 129),
(35, 'Beth March', 'Supporting', 'Gentle and selfless third sister.', NULL, 129),
(36, 'Amy March', 'Supporting', 'Artistic and ambitious youngest sister.', NULL, 129),
(37, 'José Arcadio Buendía', 'Protagonist', 'Founder of Macondo, obsessed with knowledge.', NULL, 175),
(38, 'Úrsula Iguarán', 'Supporting', 'Strong matriarch guiding the Buendía family.', NULL, 175),
(39, 'Anna Karenina', 'Protagonist', 'Tragic heroine trapped in a loveless marriage.', NULL, 128),
(40, 'Alexei Karenin', 'Antagonist', 'Anna’s controlling husband.', NULL, 128),
(41, 'Count Vronsky', 'Supporting', 'Anna’s lover who brings about her downfall.', NULL, 128),
(42, 'Konstantin Levin', 'Supporting', 'Philosophical landowner seeking purpose.', NULL, 128),
(43, 'Raskolnikov', 'Protagonist', 'Impoverished student who commits murder.', NULL, 133),
(44, 'Sonia Marmeladov', 'Supporting', 'Humble prostitute who guides Raskolnikov morally.', NULL, 133),
(45, 'Porfiry Petrovich', 'Antagonist', 'Shrewd detective investigating Raskolnikov.', NULL, 133),
(46, 'Ivan Karamazov', 'Protagonist', 'Intellectual brother wrestling with faith.', NULL, 134),
(47, 'Dmitri Karamazov', 'Supporting', 'Passionate and impulsive elder brother.', NULL, 134),
(48, 'Alyosha Karamazov', 'Supporting', 'Youngest brother, a novice monk.', NULL, 134),
(49, 'Fyodor Karamazov', 'Antagonist', 'Corrupt patriarch of the family.', NULL, 134),
(50, 'Bilbo Baggins', 'Protagonist', 'A reluctant hobbit hero who embarks on a journey with dwarves.', 2, NULL),
(51, 'Thorin Oakenshield', 'Supporting', 'Leader of the dwarves seeking to reclaim Erebor.', 2, NULL),
(52, 'Gollum', 'Antagonist', 'A twisted creature who loses the One Ring to Bilbo.', 2, NULL),
(53, 'Santiago', 'Protagonist', 'A shepherd who dreams of finding treasure in the Egyptian pyramids.', NULL, 101),
(54, 'Dorian Gray', 'Protagonist', 'A man who remains young while his portrait ages and reflects his sins.', NULL, 162),
(55, 'Lord Henry Wotton', 'Mentor', 'A witty aristocrat who influences Dorian’s worldview.', NULL, 162),
(56, 'Basil Hallward', 'Supporting', 'Artist who paints Dorian’s portrait and represents his conscience.', NULL, 162),
(57, 'Sydney Carton', 'Protagonist', 'A dissolute lawyer who redeems himself through sacrifice.', NULL, 125),
(58, 'Charles Darnay', 'Supporting', 'French aristocrat who rejects his family’s cruelty.', NULL, 125),
(59, 'Madame Defarge', 'Antagonist', 'A vengeful revolutionary knitting the names of enemies.', NULL, 125),
(60, 'Don Quixote', 'Protagonist', 'A nobleman who believes he is a knight-errant.', NULL, 130),
(61, 'Sancho Panza', 'Supporting', 'His loyal squire who provides comic relief.', NULL, 130),
(62, 'Yossarian', 'Protagonist', 'A World War II bombardier trying to survive the absurdity of war.', NULL, 173),
(63, 'Meursault', 'Protagonist', 'An emotionally detached man who commits murder.', NULL, 198),
(64, 'Mary Lennox', 'Protagonist', 'A sour girl who discovers healing and friendship in a hidden garden.', NULL, 176),
(65, 'Colin Craven', 'Supporting', 'A sickly boy who recovers his health through the garden.', NULL, 176),
(66, 'Gregor Samsa', 'Protagonist', 'A man who wakes up to find himself transformed into a bug.', NULL, 192),
(67, 'Jean Valjean', 'Protagonist', 'An ex-convict seeking redemption.', NULL, 124),
(68, 'Inspector Javert', 'Antagonist', 'A police officer obsessed with enforcing the law.', NULL, 124),
(69, 'Cosette', 'Supporting', 'Valjean’s adopted daughter.', NULL, 124),
(70, 'Edmond Dantès', 'Protagonist', 'A man wrongly imprisoned who seeks revenge.', NULL, 135),
(71, 'Lucy Honeychurch', 'Protagonist', 'A young woman discovering love and independence.', NULL, 199),
(72, 'Humbert Humbert', 'Antagonist', 'An unreliable narrator obsessed with a young girl.', NULL, 193),
(73, 'Esther Greenwood', 'Protagonist', 'A young woman descending into mental illness.', NULL, 200),
(74, 'Heathcliff', 'Protagonist', 'A brooding outsider who seeks vengeance.', NULL, 19),
(75, 'Catherine Earnshaw', 'Supporting', 'Heathcliff’s tempestuous love.', NULL, 19),
(76, 'Bernard Marx', 'Protagonist', 'A discontented man in a dystopian society.', NULL, 118),
(77, 'John the Savage', 'Supporting', 'Outsider raised on a reservation, shocked by modern civilization.', NULL, 118),
(78, 'The Little Prince', 'Protagonist', 'A child from another planet who explores human nature.', NULL, 177),
(79, 'Smaug', 'Antagonist', 'The dragon who hoards treasure under the Lonely Mountain.', 2, NULL),
(80, 'Bertha Mason', 'Antagonist', 'Rochester’s secret wife hidden in the attic.', NULL, 18),
(81, 'Oliver Twist', 'Protagonist', 'An orphan who maintains his goodness through adversity.', NULL, 126),
(82, 'Fagin', 'Antagonist', 'Leader of a gang of child thieves.', NULL, 126),
(83, 'Oliver Twist', 'Protagonist', 'Orphan who maintains his virtue in a cruel world.', NULL, 126),
(84, 'Nancy', 'Supporting', 'A kind-hearted woman trapped in Fagin''s world.', NULL, 126),
(85, 'Fagin', 'Antagonist', 'Leader of a gang of pickpocketing children.', NULL, 126),
(86, 'David Copperfield', 'Protagonist', 'Young man growing up in Victorian England.', NULL, 123),
(87, 'Scrooge', 'Protagonist', 'A miser who learns generosity after ghostly visits.', NULL, 127),
(88, 'Tiny Tim', 'Supporting', 'Crippled child who believes in hope and kindness.', NULL, 127),
(89, 'Bob Cratchit', 'Supporting', 'Scrooge''s loyal and underpaid clerk.', NULL, 127),
(90, 'Oliver Twist', 'Protagonist', 'Orphan who maintains his virtue in a cruel world.', NULL, 126),
(91, 'Nancy', 'Supporting', 'A kind-hearted woman trapped in Fagin''s world.', NULL, 126),
(92, 'Fagin', 'Antagonist', 'Leader of a gang of pickpocketing children.', NULL, 126),
(93, 'David Copperfield', 'Protagonist', 'Young man growing up in Victorian England.', NULL, 123),
(94, 'Scrooge', 'Protagonist', 'A miser who learns generosity after ghostly visits.', NULL, 127),
(95, 'Tiny Tim', 'Supporting', 'Crippled child who believes in hope and kindness.', NULL, 127);

INSERT INTO Editions (edition_id, book_id, publisher_id, publication_date, page_count, format, language) VALUES
(1, 1, 7, '2021-03-21', 383, 'Paperback', 'German'),
(2, 2, 3, '2004-04-17', 416, 'Paperback', 'German'),
(3, 2, 4, '2010-01-18', 608, 'Paperback', 'German'),
(4, 3, 7, '1994-05-09', 723, 'Hardcover', 'German'),
(5, 4, 1, '2006-04-15', 801, 'eBook', 'French'),
(6, 4, 6, '2004-04-20', 223, 'eBook', 'English'),
(7, 5, 9, '2022-03-09', 512, 'eBook', 'German'),
(8, 5, 1, '2018-09-26', 528, 'Hardcover', 'French'),
(9, 6, 9, '2022-03-17', 689, 'Paperback', 'French'),
(10, 7, 9, '2000-10-23', 565, 'Audiobook', 'German'),
(11, 8, 9, '2021-06-11', 799, 'Hardcover', 'German'),
(12, 9, 9, '1990-08-21', 842, 'Hardcover', 'English'),
(13, 9, 2, '2012-09-03', 175, 'Paperback', 'French'),
(14, 10, 5, '2014-07-12', 434, 'Audiobook', 'German'),
(15, 11, 5, '2004-09-24', 678, 'Paperback', 'English'),
(16, 11, 10, '2007-03-05', 185, 'Hardcover', 'Spanish'),
(17, 12, 5, '2001-04-30', 560, 'Hardcover', 'Spanish'),
(18, 12, 5, '1995-03-16', 253, 'Audiobook', 'English'),
(19, 13, 2, '1994-12-26', 184, 'Audiobook', 'English'),
(20, 14, 7, '2009-12-02', 279, 'eBook', 'English'),
(21, 14, 10, '2020-03-21', 797, 'Audiobook', 'Spanish'),
(22, 15, 6, '2008-01-14', 647, 'Audiobook', 'German'),
(23, 15, 9, '1993-03-25', 773, 'Hardcover', 'English'),
(24, 16, 8, '2021-05-21', 666, 'Audiobook', 'French'),
(25, 16, 5, '2011-04-19', 352, 'Paperback', 'German'),
(26, 17, 9, '2002-12-11', 822, 'Audiobook', 'French'),
(27, 18, 10, '2012-03-10', 219, 'eBook', 'French'),
(28, 19, 4, '2010-08-02', 445, 'Paperback', 'English'),
(29, 19, 8, '2015-12-30', 398, 'eBook', 'French'),
(30, 20, 10, '2010-12-17', 376, 'Audiobook', 'English'),
(31, 21, 9, '2000-05-02', 770, 'Paperback', 'French'),
(32, 21, 7, '1996-01-30', 380, 'Hardcover', 'German'),
(33, 22, 2, '2008-12-08', 283, 'Paperback', 'French'),
(34, 23, 3, '1996-11-10', 214, 'eBook', 'French'),
(35, 24, 9, '2014-06-16', 443, 'eBook', 'Spanish'),
(36, 24, 10, '1995-11-09', 367, 'eBook', 'Spanish'),
(37, 25, 7, '1995-02-17', 315, 'eBook', 'French'),
(38, 25, 2, '2001-10-04', 167, 'eBook', 'Spanish'),
(39, 26, 9, '2006-08-08', 332, 'Audiobook', 'French'),
(40, 26, 1, '2018-07-11', 230, 'Audiobook', 'English'),
(41, 27, 4, '2015-04-06', 620, 'Audiobook', 'French'),
(42, 27, 10, '1993-06-18', 454, 'Hardcover', 'English'),
(43, 28, 9, '2022-03-27', 187, 'Paperback', 'French'),
(44, 28, 8, '2004-01-01', 386, 'eBook', 'Spanish'),
(45, 29, 1, '2015-07-09', 209, 'Audiobook', 'French'),
(46, 29, 10, '2001-04-03', 641, 'Hardcover', 'German'),
(47, 30, 5, '1993-05-06', 283, 'Hardcover', 'English'),
(48, 30, 2, '2009-06-27', 473, 'Paperback', 'German'),
(49, 31, 10, '1992-06-20', 825, 'eBook', 'German'),
(50, 32, 9, '1994-12-30', 599, 'Audiobook', 'German'),
(51, 32, 3, '2019-09-03', 653, 'eBook', 'German'),
(52, 33, 6, '2011-01-01', 390, 'Hardcover', 'English'),
(53, 33, 1, '1992-03-06', 462, 'Paperback', 'German'),
(54, 34, 3, '2022-02-13', 225, 'Paperback', 'German'),
(55, 34, 3, '1995-06-20', 611, 'Hardcover', 'German'),
(56, 35, 6, '2000-06-13', 768, 'Paperback', 'French'),
(57, 35, 2, '2004-03-21', 474, 'Paperback', 'English'),
(58, 36, 5, '2009-10-31', 576, 'Paperback', 'German'),
(59, 37, 5, '2004-09-27', 591, 'Hardcover', 'French'),
(60, 37, 7, '1995-03-12', 241, 'Hardcover', 'German'),
(61, 38, 3, '1997-04-25', 410, 'Audiobook', 'Spanish'),
(62, 38, 7, '2021-07-25', 666, 'Hardcover', 'Spanish'),
(63, 39, 7, '2014-11-26', 292, 'Paperback', 'Spanish'),
(64, 40, 9, '2019-05-20', 604, 'Audiobook', 'English'),
(65, 40, 7, '1995-10-03', 695, 'Hardcover', 'German'),
(66, 51, 6, '2015-12-14', 732, 'Hardcover', 'Spanish'),
(67, 51, 5, '2018-12-04', 759, 'Hardcover', 'Spanish'),
(68, 52, 1, '1996-03-03', 308, 'Paperback', 'German'),
(69, 52, 7, '2001-11-12', 524, 'Hardcover', 'French'),
(70, 53, 1, '1990-12-14', 395, 'Hardcover', 'French'),
(71, 53, 3, '2015-06-18', 221, 'eBook', 'German'),
(72, 54, 5, '2016-08-11', 429, 'Audiobook', 'Spanish'),
(73, 54, 4, '2018-06-28', 460, 'Hardcover', 'English'),
(74, 55, 3, '2004-05-07', 242, 'Audiobook', 'French'),
(75, 55, 2, '2009-08-28', 524, 'Paperback', 'Spanish'),
(76, 56, 1, '2001-04-01', 446, 'Paperback', 'English'),
(77, 56, 1, '1999-11-22', 445, 'Hardcover', 'English'),
(78, 57, 1, '2011-04-03', 732, 'eBook', 'Spanish'),
(79, 57, 3, '2011-05-15', 663, 'Paperback', 'French'),
(80, 58, 8, '2001-07-13', 595, 'Audiobook', 'Spanish'),
(81, 58, 1, '1993-03-17', 220, 'Audiobook', 'French'),
(82, 59, 8, '2019-02-23', 239, 'Paperback', 'English'),
(83, 60, 6, '2013-12-02', 508, 'Hardcover', 'Spanish'),
(84, 61, 1, '1991-06-16', 313, 'eBook', 'German'),
(85, 62, 9, '2006-07-28', 202, 'Paperback', 'French'),
(86, 62, 1, '2007-02-16', 613, 'eBook', 'French'),
(87, 63, 7, '1994-08-18', 795, 'Audiobook', 'French'),
(88, 63, 4, '1995-05-13', 731, 'eBook', 'German'),
(89, 64, 10, '1994-08-30', 377, 'eBook', 'French'),
(90, 65, 9, '1995-08-09', 570, 'Paperback', 'German'),
(91, 66, 8, '2016-09-26', 247, 'eBook', 'English'),
(92, 67, 10, '2016-11-30', 421, 'Audiobook', 'English'),
(93, 68, 2, '2015-03-04', 471, 'Hardcover', 'Spanish'),
(94, 69, 2, '2001-07-13', 331, 'Hardcover', 'German'),
(95, 70, 3, '2016-02-08', 318, 'eBook', 'French'),
(96, 71, 3, '2010-09-29', 816, 'Hardcover', 'German'),
(97, 72, 10, '2006-09-30', 500, 'Hardcover', 'French'),
(98, 72, 4, '2004-12-24', 518, 'Audiobook', 'French'),
(99, 73, 9, '2010-02-20', 268, 'eBook', 'English'),
(100, 73, 9, '2012-04-28', 768, 'Audiobook', 'German'),
(101, 74, 5, '1999-02-14', 754, 'eBook', 'German'),
(102, 74, 9, '2007-11-12', 494, 'eBook', 'English'),
(103, 75, 1, '2020-04-29', 669, 'Audiobook', 'Spanish'),
(104, 75, 6, '2002-12-04', 564, 'Hardcover', 'German'),
(105, 76, 8, '2000-12-21', 457, 'eBook', 'English'),
(106, 77, 6, '1996-07-10', 527, 'eBook', 'German'),
(107, 78, 3, '2007-07-22', 185, 'Paperback', 'English'),
(108, 79, 8, '2013-07-26', 472, 'eBook', 'Spanish'),
(109, 79, 5, '1990-02-07', 560, 'eBook', 'English'),
(110, 80, 9, '1995-04-21', 375, 'eBook', 'Spanish'),
(111, 80, 8, '2013-09-07', 439, 'Hardcover', 'French'),
(112, 81, 1, '2001-05-14', 818, 'Paperback', 'Spanish'),
(113, 81, 6, '2003-11-13', 766, 'eBook', 'German'),
(114, 82, 1, '1990-01-11', 507, 'Hardcover', 'English'),
(115, 83, 10, '1996-05-26', 417, 'eBook', 'German'),
(116, 84, 7, '1991-12-21', 313, 'Audiobook', 'French'),
(117, 84, 5, '2003-04-06', 225, 'Hardcover', 'German'),
(118, 85, 1, '2007-09-13', 819, 'Audiobook', 'German'),
(119, 86, 1, '2018-06-15', 316, 'Paperback', 'Spanish'),
(120, 86, 9, '2000-11-25', 680, 'eBook', 'French'),
(121, 87, 8, '2017-01-24', 271, 'Hardcover', 'Spanish'),
(122, 88, 8, '2006-08-07', 643, 'eBook', 'German'),
(123, 88, 3, '2016-11-23', 555, 'Hardcover', 'Spanish'),
(124, 89, 6, '2008-06-24', 249, 'Hardcover', 'French'),
(125, 89, 10, '2000-06-03', 729, 'Audiobook', 'Spanish'),
(126, 101, 5, '2020-05-28', 510, 'eBook', 'French'),
(127, 102, 9, '2019-04-29', 761, 'Paperback', 'Spanish'),
(128, 102, 2, '2009-12-15', 541, 'eBook', 'Spanish'),
(129, 103, 3, '2007-08-20', 527, 'Audiobook', 'German'),
(130, 104, 7, '1998-04-10', 343, 'Audiobook', 'German'),
(131, 104, 10, '2017-11-24', 726, 'Paperback', 'French'),
(132, 105, 5, '2004-12-28', 820, 'Paperback', 'English'),
(133, 105, 5, '2006-04-25', 739, 'Audiobook', 'French'),
(134, 106, 3, '2015-10-06', 449, 'eBook', 'Spanish'),
(135, 107, 8, '1997-11-04', 289, 'eBook', 'German'),
(136, 108, 3, '1992-05-23', 243, 'Paperback', 'French'),
(137, 108, 2, '2009-07-02', 690, 'Paperback', 'French'),
(138, 109, 9, '2017-01-18', 256, 'Paperback', 'English'),
(139, 109, 10, '1995-01-08', 370, 'eBook', 'Spanish'),
(140, 110, 5, '2017-09-01', 842, 'Paperback', 'French'),
(141, 111, 7, '1996-03-23', 360, 'Paperback', 'Spanish'),
(142, 112, 3, '1997-05-01', 818, 'Paperback', 'English'),
(143, 113, 9, '1997-05-27', 656, 'Hardcover', 'German'),
(144, 114, 5, '2001-04-12', 184, 'eBook', 'German'),
(145, 115, 3, '1999-08-10', 404, 'Hardcover', 'Spanish'),
(146, 116, 1, '2003-06-29', 676, 'eBook', 'Spanish'),
(147, 116, 3, '1994-07-16', 810, 'Hardcover', 'English'),
(148, 117, 9, '2001-10-14', 471, 'Hardcover', 'French'),
(149, 117, 6, '2016-02-20', 194, 'Hardcover', 'Spanish'),
(150, 118, 2, '2004-09-27', 505, 'eBook', 'German'),
(151, 119, 3, '1997-05-04', 427, 'Hardcover', 'French'),
(152, 119, 10, '2008-07-31', 540, 'Audiobook', 'English'),
(153, 120, 7, '2009-08-11', 449, 'eBook', 'German'),
(154, 121, 4, '2002-12-04', 670, 'Hardcover', 'German'),
(155, 122, 10, '2012-02-22', 336, 'Paperback', 'Spanish'),
(156, 123, 6, '2007-07-18', 418, 'Hardcover', 'English'),
(157, 124, 4, '1997-02-12', 664, 'Audiobook', 'English'),
(158, 125, 5, '2020-04-16', 496, 'Hardcover', 'Spanish'),
(159, 125, 10, '2005-12-04', 733, 'eBook', 'English'),
(160, 126, 10, '2013-03-12', 231, 'eBook', 'French'),
(161, 127, 5, '2016-03-21', 590, 'Audiobook', 'English'),
(162, 127, 5, '1993-11-02', 569, 'Paperback', 'Spanish'),
(163, 128, 2, '2000-09-18', 717, 'Audiobook', 'German'),
(164, 129, 4, '2012-08-13', 725, 'Hardcover', 'French'),
(165, 129, 1, '1994-02-23', 676, 'Paperback', 'Spanish'),
(166, 130, 10, '2021-04-08', 271, 'Audiobook', 'German'),
(167, 130, 10, '2007-11-03', 839, 'Audiobook', 'Spanish'),
(168, 131, 7, '2003-05-28', 696, 'Audiobook', 'German'),
(169, 131, 5, '2000-02-11', 440, 'eBook', 'Spanish'),
(170, 132, 6, '2017-07-06', 643, 'eBook', 'German'),
(171, 133, 10, '2014-11-19', 338, 'Paperback', 'German'),
(172, 134, 6, '2018-07-26', 655, 'Hardcover', 'French'),
(173, 135, 4, '2000-07-15', 719, 'Hardcover', 'French'),
(174, 135, 6, '1992-04-02', 334, 'Audiobook', 'French'),
(175, 151, 5, '2015-03-10', 290, 'Audiobook', 'Spanish'),
(176, 152, 10, '2019-05-01', 597, 'Hardcover', 'English'),
(177, 152, 8, '2006-12-09', 323, 'Audiobook', 'English'),
(178, 153, 9, '1998-08-10', 667, 'Audiobook', 'French'),
(179, 153, 8, '2009-03-13', 163, 'eBook', 'German'),
(180, 154, 4, '1999-07-20', 594, 'Hardcover', 'French'),
(181, 155, 10, '1990-01-13', 290, 'Hardcover', 'English'),
(182, 155, 4, '2013-02-18', 465, 'Audiobook', 'German'),
(183, 156, 8, '1997-10-21', 150, 'Hardcover', 'Spanish'),
(184, 156, 4, '2004-10-14', 780, 'Paperback', 'English'),
(185, 157, 2, '2006-08-24', 209, 'eBook', 'English'),
(186, 158, 2, '2012-08-25', 586, 'Hardcover', 'German'),
(187, 158, 10, '1991-11-12', 551, 'eBook', 'English'),
(188, 159, 8, '1990-11-26', 162, 'Audiobook', 'Spanish'),
(189, 160, 7, '2021-05-27', 494, 'eBook', 'English'),
(190, 161, 10, '2019-07-10', 393, 'Paperback', 'Spanish'),
(191, 161, 2, '2020-01-03', 511, 'Audiobook', 'French'),
(192, 162, 10, '2004-12-28', 222, 'Paperback', 'English'),
(193, 162, 2, '1999-04-09', 844, 'eBook', 'Spanish'),
(194, 163, 9, '2020-09-23', 171, 'Paperback', 'German'),
(195, 163, 3, '2010-08-26', 182, 'eBook', 'French'),
(196, 164, 8, '1990-04-01', 276, 'Paperback', 'German'),
(197, 165, 10, '2006-11-01', 493, 'Hardcover', 'English'),
(198, 166, 6, '2013-01-04', 825, 'Audiobook', 'French'),
(199, 167, 8, '2004-10-20', 675, 'Hardcover', 'Spanish'),
(200, 168, 7, '2020-06-27', 237, 'Audiobook', 'German'),
(201, 169, 9, '1993-05-02', 507, 'Paperback', 'English'),
(202, 170, 8, '2014-02-13', 451, 'Hardcover', 'English'),
(203, 171, 3, '1992-08-26', 771, 'Audiobook', 'Spanish'),
(204, 172, 4, '1996-07-14', 716, 'eBook', 'French'),
(205, 173, 10, '2000-08-15', 488, 'Audiobook', 'Spanish'),
(206, 174, 10, '2014-05-29', 394, 'eBook', 'Spanish'),
(207, 174, 9, '2016-03-08', 621, 'Paperback', 'French'),
(208, 175, 2, '2017-06-21', 493, 'Paperback', 'Spanish'),
(209, 176, 3, '2002-09-06', 838, 'Audiobook', 'French'),
(210, 176, 9, '2001-04-19', 640, 'eBook', 'German'),
(211, 177, 2, '1990-11-21', 632, 'Hardcover', 'French'),
(212, 177, 1, '1999-05-28', 467, 'eBook', 'Spanish'),
(213, 178, 6, '2007-10-20', 611, 'Hardcover', 'German'),
(214, 179, 10, '1994-09-02', 358, 'Paperback', 'Spanish'),
(215, 180, 5, '2000-02-13', 402, 'eBook', 'German'),
(216, 180, 5, '2003-02-17', 838, 'eBook', 'English'),
(217, 181, 8, '2022-09-27', 579, 'Audiobook', 'English'),
(218, 181, 10, '2001-05-03', 581, 'Audiobook', 'English'),
(219, 182, 6, '2006-09-07', 728, 'eBook', 'German'),
(220, 183, 2, '1999-01-23', 636, 'Audiobook', 'French'),
(221, 183, 5, '2006-11-20', 451, 'Paperback', 'English'),
(222, 184, 4, '2013-04-25', 270, 'Hardcover', 'Spanish'),
(223, 184, 3, '2007-06-11', 331, 'Paperback', 'French'),
(224, 185, 9, '2000-06-25', 275, 'Audiobook', 'English'),
(225, 185, 6, '2013-07-05', 323, 'Paperback', 'Spanish'),
(226, 186, 1, '2009-03-08', 694, 'Hardcover', 'German'),
(227, 186, 7, '2017-04-30', 656, 'Hardcover', 'English'),
(228, 187, 6, '2001-01-24', 325, 'Hardcover', 'German'),
(229, 188, 4, '2012-08-31', 669, 'Audiobook', 'French'),
(230, 189, 4, '2022-08-25', 421, 'Hardcover', 'German'),
(231, 190, 4, '2011-05-30', 351, 'Paperback', 'Spanish'),
(232, 190, 10, '2016-12-01', 537, 'Audiobook', 'German'),
(233, 191, 4, '2016-07-22', 735, 'Audiobook', 'French'),
(234, 191, 9, '1990-01-06', 712, 'eBook', 'English'),
(235, 192, 2, '2021-05-25', 573, 'Audiobook', 'English'),
(236, 192, 5, '1993-11-25', 303, 'Hardcover', 'German'),
(237, 193, 1, '2005-05-06', 160, 'Paperback', 'French'),
(238, 193, 9, '2022-02-11', 626, 'Audiobook', 'Spanish'),
(239, 194, 8, '1997-05-13', 728, 'Hardcover', 'French'),
(240, 195, 10, '2017-10-23', 226, 'Paperback', 'Spanish'),
(241, 196, 8, '2008-01-06', 189, 'Audiobook', 'English'),
(242, 197, 10, '2017-07-30', 304, 'Audiobook', 'English'),
(243, 198, 7, '2019-11-27', 239, 'Audiobook', 'Spanish'),
(244, 199, 1, '1990-12-09', 614, 'eBook', 'English'),
(245, 199, 9, '2004-10-13', 609, 'Hardcover', 'English'),
(246, 200, 3, '1996-07-10', 692, 'Hardcover', 'French'),
(247, 200, 5, '1998-02-07', 784, 'Audiobook', 'French');


INSERT INTO Reviews (review_id, user_id, book_id, review_text, review_date) VALUES
(1, 16, 16, 'Fantastic read. Will recommend to friends.', '2023-10-19 14:28:36'),
(2, 98, 129, 'This book changed the way I think about the world.', '2022-05-09 06:53:33'),
(3, 20, 170, 'Would’ve liked more background on the characters.', '2024-03-22 01:13:40'),
(4, 45, 17, 'Not my favorite, but I appreciate the effort.', '2022-01-23 16:43:40'),
(5, 49, 56, 'A classic that deserves the praise it gets.', '2022-04-07 13:16:22'),
(6, 52, 37, 'Would’ve liked more background on the characters.', '2024-03-13 14:17:08'),
(7, 6, 25, 'Would’ve liked more background on the characters.', '2022-10-02 00:35:38'),
(8, 25, 186, 'I found the writing style a bit hard to follow.', '2024-01-05 22:23:18'),
(9, 50, 53, 'Fantastic read. Will recommend to friends.', '2022-04-10 02:43:49'),
(10, 17, 15, 'Characters were well-developed and the plot was gripping.', '2023-08-14 08:32:48'),
(11, 82, 70, 'A bit overrated in my opinion.', '2023-10-27 16:17:05'),
(12, 58, 158, 'Characters were well-developed and the plot was gripping.', '2022-06-29 12:02:12'),
(13, 13, 24, 'Loved the themes of resilience and identity.', '2023-04-13 07:32:44'),
(14, 9, 40, 'Loved the themes of resilience and identity.', '2023-04-13 12:03:52'),
(15, 89, 89, 'Fantastic read. Will recommend to friends.', '2022-07-17 07:19:01'),
(16, 60, 79, 'Interesting concept but poorly executed.', '2023-11-19 09:29:25'),
(17, 74, 113, 'It was good but not great — dragged a bit in the middle.', '2022-09-06 06:04:22'),
(18, 49, 105, 'Not my favorite, but I appreciate the effort.', '2023-03-22 05:01:32'),
(19, 53, 169, 'A classic that deserves the praise it gets.', '2022-09-23 16:42:16'),
(20, 91, 19, 'Too predictable for my taste.', '2023-01-09 10:50:17'),
(21, 73, 190, 'The ending left me thinking for days.', '2022-01-14 02:47:58'),
(22, 16, 55, 'Too predictable for my taste.', '2023-08-28 19:18:36'),
(23, 69, 34, 'Characters were well-developed and the plot was gripping.', '2022-07-21 17:35:14'),
(24, 41, 161, 'The ending left me thinking for days.', '2022-01-22 08:10:35'),
(25, 97, 59, 'Loved the themes of resilience and identity.', '2024-02-09 16:50:32'),
(26, 10, 196, 'Loved the themes of resilience and identity.', '2023-08-21 05:29:55'),
(27, 15, 67, 'Perfect blend of humor and drama.', '2022-04-25 05:08:12'),
(28, 40, 32, 'Fantastic read. Will recommend to friends.', '2022-08-28 08:47:08'),
(29, 64, 72, 'Witty and fast-paced — really enjoyable.', '2023-11-03 04:57:59'),
(30, 44, 75, 'The ending left me thinking for days.', '2023-12-19 21:11:04'),
(31, 71, 82, 'Not my favorite, but I appreciate the effort.', '2022-08-18 23:16:46'),
(32, 8, 11, 'Witty and fast-paced — really enjoyable.', '2024-02-12 00:34:43'),
(33, 81, 132, 'Would’ve liked more background on the characters.', '2022-05-21 21:59:47'),
(34, 71, 32, 'A classic that deserves the praise it gets.', '2022-11-12 00:13:28'),
(35, 42, 3, 'Loved the themes of resilience and identity.', '2022-10-04 01:27:34'),
(36, 32, 128, 'This book changed the way I think about the world.', '2023-12-08 16:14:29'),
(37, 35, 13, 'Interesting concept but poorly executed.', '2023-10-09 14:24:48'),
(38, 90, 162, 'Not my favorite, but I appreciate the effort.', '2023-12-23 20:41:02'),
(39, 67, 192, 'I found the writing style a bit hard to follow.', '2022-01-25 03:16:28'),
(40, 15, 104, 'Some parts felt rushed, but overall a solid story.', '2022-01-27 09:49:44'),
(41, 76, 186, 'This book changed the way I think about the world.', '2022-05-18 07:37:13'),
(42, 40, 12, 'Absolutely loved it! A must-read for everyone.', '2024-03-17 21:32:32'),
(43, 33, 124, 'Too predictable for my taste.', '2022-12-25 05:22:12'),
(44, 10, 1, 'A classic that deserves the praise it gets.', '2023-05-19 21:45:56'),
(45, 24, 38, 'Loved the themes of resilience and identity.', '2023-05-26 06:50:57'),
(46, 43, 161, 'Couldn/t put it down! Finished it in one sitting.', '2023-07-08 03:24:40'),
(47, 14, 30, 'This book changed the way I think about the world.', '2024-02-16 19:01:16'),
(48, 58, 182, 'The twist caught me totally off guard!', '2022-09-03 05:19:19'),
(49, 10, 135, 'Fantastic read. Will recommend to friends.', '2022-07-16 23:29:01'),
(50, 83, 88, 'This book changed the way I think about the world.', '2022-04-27 10:17:48');

INSERT INTO Comments (comment_id, comment_text, comment_date, user_id, review_id, parent_comment_id) VALUES
(1, 'Interesting how differently people interpret this!', '2024-01-23 05:34:09', 14, 26, NULL),
(2, 'Well-written review, thanks for sharing.', '2023-05-29 16:21:47', 14, 3, NULL),
(3, 'Interesting how differently people interpret this!', '2023-01-26 04:59:38', 45, 42, NULL),
(4, 'Your perspective is refreshing.', '2022-08-23 13:05:03', 24, 47, NULL),
(5, 'I found the ending to be even more impactful.', '2022-04-10 06:37:14', 98, 49, NULL),
(6, 'Loved this take!', '2023-11-29 11:13:57', 21, 10, NULL),
(7, 'Well-written review, thanks for sharing.', '2023-04-26 13:48:18', 44, 7, NULL),
(8, 'Thanks for this insight, I felt similarly.', '2023-01-07 09:42:34', 31, 6, NULL),
(9, 'I agree with most of what you said.', '2024-03-23 16:30:12', 71, 7, NULL),
(10, 'Loved this take!', '2022-03-14 03:53:24', 67, 45, NULL),
(11, 'This review really captures the essence of the book.', '2024-02-09 21:15:43', 91, 22, NULL),
(12, 'Thanks for this insight, I felt similarly.', '2022-11-28 14:20:26', 89, 34, NULL),
(13, 'I agree with most of what you said.', '2022-01-27 05:19:00', 59, 26, NULL),
(14, 'I had a very different experience, but this made me think.', '2023-01-31 20:26:30', 19, 27, NULL),
(15, 'Well-written review, thanks for sharing.', '2023-01-24 08:25:00', 27, 1, NULL),
(16, 'Solid points all around.', '2023-07-01 02:46:57', 26, 31, NULL),
(17, 'I agree with most of what you said.', '2023-09-23 23:45:48', 79, 44, NULL),
(18, 'Interesting how differently people interpret this!', '2023-03-25 00:56:46', 28, 42, NULL),
(19, 'Solid points all around.', '2022-04-03 12:07:00', 92, 47, NULL),
(20, 'This review really captures the essence of the book.', '2022-10-07 20:49:52', 85, 13, NULL),
(21, 'I found the ending to be even more impactful.', '2022-07-18 16:59:15', 44, 38, NULL),
(22, 'Solid points all around.', '2023-10-23 12:59:55', 58, 27, NULL),
(23, 'I had a very different experience, but this made me think.', '2022-06-09 09:43:43', 19, 16, NULL),
(24, 'Well-written review, thanks for sharing.', '2023-01-03 17:16:58', 20, 43, NULL),
(25, 'Interesting how differently people interpret this!', '2022-01-11 04:04:30', 46, 2, NULL),
(26, 'This review really captures the essence of the book.', '2023-10-18 23:53:17', 18, 38, NULL),
(27, 'Your perspective is refreshing.', '2024-03-19 16:29:57', 25, 26, NULL),
(28, 'I had a very different experience, but this made me think.', '2023-01-08 14:25:23', 32, 27, NULL),
(29, 'Your perspective is refreshing.', '2022-12-22 08:04:52', 25, 35, NULL),
(30, 'Loved this take!', '2024-03-03 02:25:28', 81, 11, NULL),
(31, 'I had a very different experience, but this made me think.', '2022-08-07 14:52:51', 75, 35, NULL),
(32, 'Solid points all around.', '2024-03-18 10:42:11', 37, 34, NULL),
(33, 'Loved this take!', '2024-01-19 21:47:49', 70, 9, NULL),
(34, 'I had a very different experience, but this made me think.', '2022-12-08 03:02:48', 12, 9, NULL),
(35, 'Well-written review, thanks for sharing.', '2023-01-27 16:57:32', 91, 7, NULL),
(36, 'That''s an interesting interpretation!', '2022-08-15 10:37:19', 92, 13, 20),
(37, 'That''s an interesting interpretation!', '2022-09-11 19:03:47', 83, 27, 28),
(38, 'Glad you mentioned this.', '2023-08-19 21:26:16', 42, 16, 23),
(39, 'I had the same thought!', '2023-11-25 23:02:05', 61, 27, 22),
(40, 'You explained that perfectly.', '2022-10-19 05:52:26', 87, 47, 19),
(41, 'This is exactly how I felt!', '2022-05-09 03:37:56', 43, 44, 17),
(42, 'I had the same thought!', '2024-02-24 17:29:05', 87, 43, 24),
(43, 'You explained that perfectly.', '2022-12-18 10:03:32', 9, 43, 24),
(44, 'You explained that perfectly.', '2022-06-13 08:30:22', 83, 6, 8),
(45, 'You explained that perfectly.', '2023-06-12 16:15:59', 85, 6, 8),
(46, 'This is exactly how I felt!', '2022-12-17 13:05:57', 17, 43, 24),
(47, 'That''s an interesting interpretation!', '2023-05-13 14:00:17', 24, 2, 25),
(48, 'Glad you mentioned this.', '2023-01-25 23:47:36', 94, 43, 24),
(49, 'That adds even more depth.', '2023-11-27 05:23:53', 53, 26, 1),
(50, 'That adds even more depth.', '2022-04-22 17:41:06', 63, 26, 1);

INSERT INTO Quotes (quote_id, quote_text, quote_date, book_id, user_id) VALUES
(1, 'Truth hides between the lines we choose to ignore.', '2023-10-20 21:18:34', 172, 15),
(2, 'The heart remembers what the mind dares forget.', '2023-10-14 19:32:05', 152, 68),
(3, 'Silence often speaks the loudest truths.', '2023-08-30 19:40:11', 168, 79),
(4, 'Hope is a quiet rebellion against despair.', '2023-08-14 06:57:16', 66, 32),
(5, 'We carry the weight of words we never said.', '2023-09-10 07:05:16', 117, 71),
(6, 'What we fear most often defines us.', '2023-07-15 15:48:44', 30, 67),
(7, 'Dreams are the echoes of forgotten desires.', '2023-07-04 20:02:22', 194, 71),
(8, 'In losing ourselves, we find who we are.', '2023-01-19 10:20:09', 62, 14),
(9, 'Time is the only honest witness of change.', '2023-06-14 05:11:36', 123, 64),
(10, 'Even a small kindness can echo for eternity.', '2023-04-28 13:03:22', 182, 97),
(11, 'Loneliness grows louder in a crowded room.', '2023-02-08 20:28:06', 20, 42),
(12, 'There is beauty in broken things.', '2023-02-11 22:28:12', 107, 82),
(13, 'Courage begins where certainty ends.', '2023-04-09 22:52:59', 16, 37),
(14, 'Every goodbye writes a new beginning.', '2023-01-14 13:00:49', 77, 20),
(15, 'A name is not just a name — it’s a legacy.', '2023-09-21 05:12:10', 25, 61),
(16, 'We chase light, even when we’ve forgotten the sun.', '2023-08-30 16:40:06', 31, 62),
(17, 'Some truths are best left unspoken.', '2023-08-07 11:10:07', 169, 67),
(18, 'The soul stirs when stories are shared.', '2023-09-24 06:48:56', 127, 66),
(19, 'Fate listens to those who whisper with intent.', '2023-08-07 12:12:38', 189, 20),
(20, 'No map leads back to innocence.', '2023-10-19 14:36:15', 17, 67),
(21, 'The eyes often speak what lips cannot.', '2023-03-19 11:30:57', 86, 74),
(22, 'In the quiet, we learn to hear ourselves.', '2023-04-10 10:01:56', 19, 5),
(23, 'Love, once given, changes everything.', '2023-10-28 14:49:04', 13, 51),
(24, 'Even the stars envy the constancy of the moon.', '2023-01-21 00:32:30', 10, 22),
(25, 'Destiny is a road paved by choices.', '2023-07-16 02:27:33', 32, 94),
(26, 'We become the stories we tell ourselves.', '2023-08-28 15:44:37', 192, 32),
(27, 'The past is a place, not a prison.', '2023-01-01 02:53:24', 120, 10),
(28, 'Wisdom comes dressed in silence.', '2023-12-09 06:24:14', 67, 34),
(29, 'A single moment can shift a lifetime.', '2023-11-12 08:22:36', 171, 63),
(30, 'Hearts can fracture and still keep rhythm.', '2023-05-19 19:51:55', 197, 48),
(31, 'We are all made of unfinished poems.', '2023-02-19 23:33:36', 176, 39),
(32, 'Fear thrives in the absence of understanding.', '2023-11-07 21:32:33', 89, 59),
(33, 'Some doors open only when we stop knocking.', '2023-02-03 00:23:12', 71, 81),
(34, 'Regret tastes like memory burned too long.', '2023-01-24 01:31:28', 106, 71),
(35, 'Joy is rebellion in a world of rules.', '2023-09-15 14:11:08', 3, 34),
(36, 'Letting go is not forgetting, it''s forgiving.', '2023-08-08 13:14:54', 116, 20),
(37, 'Books are bottled time, uncorked by readers.', '2023-04-21 19:32:31', 56, 44),
(38, 'Grief is the echo of love still calling.', '2023-12-12 14:11:03', 53, 34),
(39, 'Rain hides more than just tears.', '2023-08-03 12:23:46', 80, 76),
(40, 'Laughter is armor disguised as lightness.', '2023-09-05 07:53:26', 190, 22),
(41, 'We do not see the world as it is, but as we are.', '2023-09-03 19:12:59', 27, 6),
(42, 'A promise holds weight even when broken.', '2023-08-17 17:01:41', 178, 25),
(43, 'Not all scars are visible.', '2023-05-18 14:41:49', 154, 19),
(44, 'Wounds remind us where we''ve been, not who we are.', '2023-05-21 20:39:29', 115, 21),
(45, 'Some endings are really just disguises for hope.', '2023-11-26 17:00:03', 170, 41),
(46, 'Forgiveness is a gift for the giver.', '2023-06-16 08:58:20', 37, 54),
(47, 'Each page turned is a life reconsidered.', '2023-05-20 08:05:29', 104, 71),
(48, 'Light finds the cracks, always.', '2023-04-16 11:33:51', 23, 42),
(49, 'Home is not a place, but a feeling.', '2023-07-01 14:32:21', 163, 66),
(50, 'In every shadow, a story waits to be told.', '2023-06-16 09:04:28', 78, 81),
(51, 'Happiness can be found even in the darkest of times, if one only remembers to turn on the light.', '2023-07-28 00:50:22', 3, 93);

INSERT INTO Bookshelves (shelf_id, user_id, shelf_name) VALUES
(1, 1, 'Favorites'),
(2, 1, 'Tearjerkers'),
(3, 2, 'Historical Gems'),
(4, 2, 'Summer List'),
(5, 2, 'Rainy Day Reads'),
(6, 3, 'Dark Academia'),
(7, 3, 'Travel Reads'),
(8, 4, 'Favorites'),
(9, 4, 'Sci-Fi Collection'),
(10, 5, 'Historical Gems'),
(11, 5, 'Quick Reads'),
(12, 5, 'Favorites'),
(13, 6, 'TBR 2025'),
(14, 6, 'Travel Reads'),
(15, 6, 'Historical Gems'),
(16, 7, 'Dark Academia'),
(17, 7, 'Tearjerkers'),
(18, 7, 'Favorites'),
(19, 7, 'Childhood Memories'),
(20, 7, 'Travel Reads'),
(21, 8, 'Tearjerkers'),
(22, 8, 'Summer List'),
(23, 8, 'Book Club Picks'),
(24, 8, 'Underrated'),
(25, 9, 'Sci-Fi Collection'),
(26, 9, 'Fantasy Shelf'),
(27, 10, 'Modern Must-Reads'),
(28, 10, 'World Literature'),
(29, 11, 'Classics'),
(30, 11, 'Love & Loss'),
(31, 11, 'TBR 2025'),
(32, 11, 'Rainy Day Reads'),
(33, 12, 'Sci-Fi Collection'),
(34, 12, 'TBR 2025'),
(35, 12, 'Spooky Season'),
(36, 12, 'Modern Must-Reads'),
(37, 12, 'Book Club Picks'),
(38, 13, 'Classics'),
(39, 13, 'Historical Gems'),
(40, 14, 'Sci-Fi Collection'),
(41, 14, 'Historical Gems'),
(42, 14, 'Rainy Day Reads'),
(43, 14, 'Fantasy Shelf'),
(44, 15, 'Love & Loss'),
(45, 15, 'Modern Must-Reads'),
(46, 15, 'Childhood Memories'),
(47, 15, 'Dark Academia'),
(48, 16, 'Book Club Picks'),
(49, 16, 'Tearjerkers'),
(50, 16, 'Sci-Fi Collection'),
(51, 16, 'Childhood Memories'),
(52, 17, 'Childhood Memories'),
(53, 17, 'Love & Loss'),
(54, 17, 'Fantasy Shelf'),
(55, 18, 'TBR 2025'),
(56, 18, 'Historical Gems'),
(57, 18, 'Underrated'),
(58, 18, 'Classics'),
(59, 19, 'Classics'),
(60, 19, 'Underrated'),
(61, 19, 'Fantasy Shelf'),
(62, 20, 'Sci-Fi Collection'),
(63, 20, 'Book Club Picks'),
(64, 20, 'Underrated'),
(65, 20, 'Dark Academia'),
(66, 21, 'Fantasy Shelf'),
(67, 21, 'Love & Loss'),
(68, 21, 'Summer List'),
(69, 21, 'Tearjerkers'),
(70, 21, 'TBR 2025'),
(71, 22, 'TBR 2025'),
(72, 22, 'World Literature'),
(73, 22, 'Tearjerkers'),
(74, 23, 'Dark Academia'),
(75, 23, 'Fantasy Shelf'),
(76, 23, 'Modern Must-Reads'),
(77, 23, 'Historical Gems'),
(78, 23, 'Summer List'),
(79, 24, 'Sci-Fi Collection'),
(80, 24, 'Classics'),
(81, 24, 'Rainy Day Reads'),
(82, 24, 'Summer List'),
(83, 24, 'Childhood Memories'),
(84, 25, 'World Literature'),
(85, 25, 'Sci-Fi Collection'),
(86, 25, 'Fantasy Shelf'),
(87, 25, 'TBR 2025'),
(88, 25, 'Love & Loss'),
(89, 26, 'TBR 2025'),
(90, 26, 'Favorites'),
(91, 26, 'Rainy Day Reads'),
(92, 26, 'Tearjerkers'),
(93, 27, 'Rainy Day Reads'),
(94, 27, 'Spooky Season'),
(95, 27, 'Travel Reads'),
(96, 27, 'Childhood Memories'),
(97, 28, 'Favorites'),
(98, 28, 'Tearjerkers'),
(99, 28, 'Quick Reads'),
(100, 28, 'Childhood Memories'),
(101, 28, 'Rainy Day Reads'),
(102, 29, 'Quick Reads'),
(103, 29, 'Book Club Picks'),
(104, 29, 'Summer List'),
(105, 29, 'Modern Must-Reads'),
(106, 30, 'TBR 2025'),
(107, 30, 'Quick Reads'),
(108, 30, 'Favorites'),
(109, 31, 'Deep Thoughts'),
(110, 31, 'Favorites'),
(111, 31, 'Rainy Day Reads'),
(112, 31, 'Modern Must-Reads'),
(113, 32, 'Historical Gems'),
(114, 32, 'Classics'),
(115, 32, 'World Literature'),
(116, 32, 'Sci-Fi Collection'),
(117, 33, 'Deep Thoughts'),
(118, 33, 'Sci-Fi Collection'),
(119, 34, 'Summer List'),
(120, 34, 'Deep Thoughts'),
(121, 34, 'TBR 2025'),
(122, 35, 'Tearjerkers'),
(123, 35, 'Quick Reads'),
(124, 35, 'Travel Reads'),
(125, 36, 'TBR 2025'),
(126, 36, 'Book Club Picks'),
(127, 36, 'Spooky Season'),
(128, 37, 'Modern Must-Reads'),
(129, 37, 'Love & Loss'),
(130, 37, 'Quick Reads'),
(131, 37, 'Dark Academia'),
(132, 37, 'Rainy Day Reads'),
(133, 38, 'Historical Gems'),
(134, 38, 'Sci-Fi Collection'),
(135, 38, 'Underrated'),
(136, 39, 'Dark Academia'),
(137, 39, 'TBR 2025'),
(138, 40, 'Dark Academia'),
(139, 40, 'Historical Gems'),
(140, 40, 'Favorites'),
(141, 41, 'Classics'),
(142, 41, 'Historical Gems'),
(143, 42, 'Classics'),
(144, 42, 'Underrated'),
(145, 43, 'Quick Reads'),
(146, 43, 'Historical Gems'),
(147, 44, 'Deep Thoughts'),
(148, 44, 'Book Club Picks'),
(149, 44, 'TBR 2025'),
(150, 44, 'Summer List'),
(151, 45, 'Historical Gems'),
(152, 45, 'Deep Thoughts'),
(153, 45, 'Travel Reads'),
(154, 45, 'Book Club Picks'),
(155, 45, 'Rainy Day Reads'),
(156, 46, 'Travel Reads'),
(157, 46, 'Modern Must-Reads'),
(158, 47, 'Travel Reads'),
(159, 47, 'Love & Loss'),
(160, 47, 'Classics'),
(161, 47, 'Rainy Day Reads'),
(162, 47, 'TBR 2025'),
(163, 48, 'Underrated'),
(164, 48, 'Rainy Day Reads'),
(165, 48, 'Historical Gems'),
(166, 48, 'Book Club Picks'),
(167, 48, 'Quick Reads'),
(168, 49, 'Summer List'),
(169, 49, 'Travel Reads'),
(170, 49, 'Childhood Memories'),
(171, 49, 'Tearjerkers'),
(172, 49, 'Love & Loss'),
(173, 50, 'Sci-Fi Collection'),
(174, 50, 'Love & Loss'),
(175, 50, 'TBR 2025'),
(176, 51, 'Classics'),
(177, 51, 'TBR 2025'),
(178, 52, 'Sci-Fi Collection'),
(179, 52, 'Historical Gems'),
(180, 53, 'Travel Reads'),
(181, 53, 'Deep Thoughts'),
(182, 53, 'Dark Academia'),
(183, 54, 'Fantasy Shelf'),
(184, 54, 'Classics'),
(185, 54, 'Childhood Memories'),
(186, 55, 'Favorites'),
(187, 55, 'Fantasy Shelf'),
(188, 55, 'Tearjerkers'),
(189, 55, 'Love & Loss'),
(190, 55, 'Spooky Season'),
(191, 56, 'TBR 2025'),
(192, 56, 'Deep Thoughts'),
(193, 56, 'Summer List'),
(194, 56, 'Book Club Picks'),
(195, 56, 'Spooky Season'),
(196, 57, 'Classics'),
(197, 57, 'Dark Academia'),
(198, 57, 'TBR 2025'),
(199, 58, 'Underrated'),
(200, 58, 'Classics'),
(201, 59, 'Dark Academia'),
(202, 59, 'Deep Thoughts'),
(203, 60, 'Classics'),
(204, 60, 'Quick Reads'),
(205, 60, 'Sci-Fi Collection'),
(206, 61, 'Sci-Fi Collection'),
(207, 61, 'World Literature'),
(208, 61, 'Historical Gems'),
(209, 62, 'Rainy Day Reads'),
(210, 62, 'Dark Academia'),
(211, 62, 'Historical Gems'),
(212, 62, 'Classics'),
(213, 62, 'Sci-Fi Collection'),
(214, 63, 'Dark Academia'),
(215, 63, 'World Literature'),
(216, 63, 'Quick Reads'),
(217, 63, 'Underrated'),
(218, 63, 'Tearjerkers'),
(219, 64, 'Underrated'),
(220, 64, 'Historical Gems'),
(221, 64, 'Tearjerkers'),
(222, 65, 'Summer List'),
(223, 65, 'Spooky Season'),
(224, 65, 'Love & Loss'),
(225, 65, 'Underrated'),
(226, 65, 'Sci-Fi Collection'),
(227, 66, 'Love & Loss'),
(228, 66, 'Dark Academia'),
(229, 67, 'Sci-Fi Collection'),
(230, 67, 'TBR 2025'),
(231, 68, 'Quick Reads'),
(232, 68, 'Tearjerkers'),
(233, 68, 'Summer List'),
(234, 69, 'Sci-Fi Collection'),
(235, 69, 'Historical Gems'),
(236, 69, 'Modern Must-Reads'),
(237, 69, 'Spooky Season'),
(238, 70, 'Love & Loss'),
(239, 70, 'TBR 2025'),
(240, 70, 'Spooky Season'),
(241, 71, 'TBR 2025'),
(242, 71, 'Spooky Season'),
(243, 72, 'Summer List'),
(244, 72, 'Tearjerkers'),
(245, 73, 'Rainy Day Reads'),
(246, 73, 'TBR 2025'),
(247, 74, 'Tearjerkers'),
(248, 74, 'Spooky Season'),
(249, 74, 'Book Club Picks'),
(250, 75, 'Book Club Picks'),
(251, 75, 'Tearjerkers'),
(252, 75, 'Quick Reads'),
(253, 75, 'Deep Thoughts'),
(254, 76, 'Classics'),
(255, 76, 'Sci-Fi Collection'),
(256, 76, 'Travel Reads'),
(257, 76, 'Tearjerkers'),
(258, 77, 'Favorites'),
(259, 77, 'Underrated'),
(260, 78, 'Tearjerkers'),
(261, 78, 'Childhood Memories'),
(262, 78, 'Love & Loss'),
(263, 79, 'TBR 2025'),
(264, 79, 'Favorites'),
(265, 79, 'Rainy Day Reads'),
(266, 79, 'Sci-Fi Collection'),
(267, 79, 'Summer List'),
(268, 80, 'Modern Must-Reads'),
(269, 80, 'Dark Academia'),
(270, 81, 'Travel Reads'),
(271, 81, 'Summer List'),
(272, 81, 'Classics'),
(273, 82, 'Modern Must-Reads'),
(274, 82, 'Classics'),
(275, 82, 'World Literature'),
(276, 82, 'Book Club Picks'),
(277, 83, 'Rainy Day Reads'),
(278, 83, 'Modern Must-Reads'),
(279, 83, 'TBR 2025'),
(280, 84, 'World Literature'),
(281, 84, 'Summer List'),
(282, 84, 'Historical Gems'),
(283, 84, 'Childhood Memories'),
(284, 84, 'Quick Reads'),
(285, 85, 'Favorites'),
(286, 85, 'Childhood Memories'),
(287, 85, 'Underrated'),
(288, 85, 'Travel Reads'),
(289, 85, 'Historical Gems'),
(290, 86, 'Childhood Memories'),
(291, 86, 'Rainy Day Reads'),
(292, 86, 'Fantasy Shelf'),
(293, 86, 'Classics'),
(294, 87, 'Historical Gems'),
(295, 87, 'Book Club Picks'),
(296, 87, 'Love & Loss'),
(297, 87, 'Modern Must-Reads'),
(298, 87, 'Spooky Season'),
(299, 88, 'Historical Gems'),
(300, 88, 'Favorites'),
(301, 88, 'Book Club Picks'),
(302, 89, 'Underrated'),
(303, 89, 'Tearjerkers'),
(304, 89, 'Sci-Fi Collection'),
(305, 89, 'Dark Academia'),
(306, 89, 'Modern Must-Reads'),
(307, 90, 'TBR 2025'),
(308, 90, 'Underrated'),
(309, 90, 'Favorites'),
(310, 90, 'Rainy Day Reads'),
(311, 90, 'Tearjerkers'),
(312, 91, 'Dark Academia'),
(313, 91, 'Tearjerkers'),
(314, 91, 'Classics'),
(315, 92, 'World Literature'),
(316, 92, 'Travel Reads'),
(317, 93, 'Underrated'),
(318, 93, 'Travel Reads'),
(319, 93, 'Quick Reads'),
(320, 93, 'Rainy Day Reads'),
(321, 94, 'Dark Academia'),
(322, 94, 'Book Club Picks'),
(323, 94, 'Tearjerkers'),
(324, 94, 'Classics'),
(325, 94, 'Travel Reads'),
(326, 95, 'Quick Reads'),
(327, 95, 'TBR 2025'),
(328, 96, 'Modern Must-Reads'),
(329, 96, 'Travel Reads'),
(330, 96, 'Sci-Fi Collection'),
(331, 97, 'World Literature'),
(332, 97, 'Underrated'),
(333, 97, 'Rainy Day Reads'),
(334, 97, 'Spooky Season'),
(335, 98, 'Travel Reads'),
(336, 98, 'Underrated'),
(337, 98, 'Fantasy Shelf'),
(338, 98, 'Spooky Season'),
(339, 99, 'Book Club Picks'),
(340, 99, 'Travel Reads'),
(341, 99, 'Fantasy Shelf'),
(342, 100, 'World Literature'),
(343, 100, 'Dark Academia'),
(344, 100, 'Spooky Season');

INSERT INTO Challenges (challenge_id, name, description, goal, duration, points) VALUES
(1, 'Read Around the World', 'Read books by authors from 10 different countries.', 10, 60, 115),
(2, 'Classic Comeback', 'Finish 5 classic novels you''ve always wanted to read.', 5, 40, 60),
(3, 'Seasonal Sprint', 'Read 3 books in 7 days for a fast reading challenge.', 3, 7, 31),
(4, 'Fantasy Fest', 'Dive into 5 epic fantasy novels this month.', 5, 30, 57),
(5, 'Page Turner Marathon', 'Read 10 books in 30 days.', 10, 30, 107),
(6, 'Genre Jumper', 'Read books from 5 different genres.', 5, 25, 56),
(7, 'Backlist Bingo', 'Complete 8 books that have been on your shelf for over a year.', 8, 45, 91),
(8, 'New Year New Books', 'Start the year with 6 new-to-you authors.', 6, 60, 75),
(9, 'Short but Sweet', 'Read 10 books under 200 pages.', 10, 20, 105),
(10, 'Award Winners', 'Read 4 books that have won major literary awards.', 4, 20, 45),
(11, 'Translation Trek', 'Read 5 books originally written in other languages.', 5, 35, 58),
(12, 'Summer of Sci-Fi', 'Explore 6 science fiction classics.', 6, 40, 70),
(13, 'Read the Rainbow', 'Read books with covers of 7 different colors.', 7, 35, 78),
(14, 'Historical Haul', 'Read 7 historical fiction titles.', 7, 42, 80),
(15, 'Tearjerker Tally', 'Read 3 books that made someone cry.', 3, 10, 32),
(16, 'Adaptation Anticipation', 'Read 4 books being adapted into films or series.', 4, 25, 46),
(17, 'Debut Discovery', 'Read 4 debut novels from different decades.', 4, 28, 47),
(18, 'Women Who Write', 'Celebrate 6 powerful stories by women.', 6, 30, 67),
(19, 'Banned Books Challenge', 'Read 5 previously banned or controversial books.', 5, 30, 57),
(20, 'Resolution Readathon', 'Read 12 books this year, one per month.', 12, 365, 211);

INSERT INTO GroupDiscussion (group_id, name, description, max_people, participant_1, participant_2, participant_3, participant_4, participant_5, participant_6, participant_7) VALUES
(1, 'Plot Twisters', 'Discussion group focused on plot twisters selections and conversations.', 3, 4, 95, 36, NULL, NULL, NULL, NULL),
(2, 'Historical Reads', 'Discussion group focused on historical reads selections and conversations.', 4, 18, 95, 14, 87, NULL, NULL, NULL),
(3, 'Quiet Readers Club', 'Discussion group focused on quiet readers club selections and conversations.', 7, 12, 76, 55, 5, 4, 28, 30),
(4, 'Modern Classics', 'Discussion group focused on modern classics selections and conversations.', 7, 4, 72, 26, 92, 84, 90, 70),
(5, 'Book Banter', 'Discussion group focused on book banter selections and conversations.', 4, 58, 76, 36, 1, NULL, NULL, NULL),
(6, 'Around the World in Books', 'Discussion group focused on around the world in books selections and conversations.', 4, 90, 55, 44, 36, NULL, NULL, NULL),
(7, 'Fantasy Fanatics', 'Discussion group focused on fantasy fanatics selections and conversations.', 4, 98, 44, 14, 12, NULL, NULL, NULL),
(8, 'Book Banter', 'Discussion group focused on book banter selections and conversations.', 3, 46, 45, 78, NULL, NULL, NULL, NULL),
(9, 'Page Turners', 'Discussion group focused on page turners selections and conversations.', 3, 94, 59, 69, NULL, NULL, NULL, NULL),
(10, 'Midweek Mystery', 'Discussion group focused on midweek mystery selections and conversations.', 6, 11, 71, 38, 81, 80, 47, NULL),
(11, 'Dark Academia Circle', 'Discussion group focused on dark academia circle selections and conversations.', 4, 91, 9, 6, 85, NULL, NULL, NULL),
(12, 'Historical Reads', 'Discussion group focused on historical reads selections and conversations.', 5, 11, 30, 13, 49, 36, NULL, NULL),
(13, 'Novel Nights', 'Discussion group focused on novel nights selections and conversations.', 5, 21, 48, 46, 27, 86, NULL, NULL),
(14, 'Page Turners', 'Discussion group focused on page turners selections and conversations.', 3, 78, 82, 22, NULL, NULL, NULL, NULL),
(15, 'Modern Classics', 'Discussion group focused on modern classics selections and conversations.', 4, 21, 60, 49, 35, NULL, NULL, NULL);

INSERT INTO Giveaways (giveaway_id, name, description, cost_in_points) VALUES
(1, 'Giveaway: Demons', 'A limited-time giveaway for book lovers everywhere!', 1314),
(2, 'Giveaway: Fire & Blood', 'One lucky winner will receive this bestselling title!', 1645),
(3, 'Giveaway: The Sea-Wolf', 'Win this reader favorite and dive into a new world!', 1664),
(4, 'Giveaway: Notes from Underground', 'Enter to win a free copy of this must-read book!', 1939),
(5, 'Giveaway: Mathilda', 'One lucky winner will receive this bestselling title!', 1712),
(6, 'Giveaway: Allegiant', 'Win this reader favorite and dive into a new world!', 1719),
(7, 'Giveaway: Chronicle of a Death Foretold', 'This acclaimed novel could be yours — join now!', 1840),
(8, 'Giveaway: Anna Karenina', 'One lucky winner will receive this bestselling title!', 1854),
(9, 'Giveaway: The Martian Chronicles', 'Perfect for your next book binge — enter to win!', 1823),
(10, 'Giveaway: Eleven Minutes', 'Get your hands on a copy of this unforgettable story!', 1356),
(11, 'Giveaway: Murder on the Orient Express', 'A limited-time giveaway for book lovers everywhere!', 1980),
(12, 'Giveaway: Don Quixote', 'Win this reader favorite and dive into a new world!', 1752),
(13, 'Giveaway: A Study in Scarlet', 'Perfect for your next book binge — enter to win!', 1200),
(14, 'Giveaway: Gulliver''s Travels', 'Claim your copy of this literary gem!', 1531),
(15, 'Giveaway: New Moon', 'Your chance to win a book everyone’s talking about!', 1219),
(16, 'Giveaway: The Lion, the Witch and the Wardrobe', 'This acclaimed novel could be yours — join now!', 1571),
(17, 'Giveaway: The Professor', 'One lucky winner will receive this bestselling title!', 1445),
(18, 'Giveaway: Anne of Windy Poplars', 'Enter to win a free copy of this must-read book!', 1446),
(19, 'Giveaway: The Battle of Frogs and Mice', 'Claim your copy of this literary gem!', 1280),
(20, 'Giveaway: The Sign of the Four', 'This acclaimed novel could be yours — join now!', 1949);

INSERT INTO BookshelfBooks (shelf_id, book_id, status, progress, last_updated) VALUES
(1, 15, 'reading', 23, '2024-04-30 01:07:00'),
(1, 25, 'want to read', 0, '2024-03-24 10:37:00'),
(1, 113, 'reading', 20, '2024-03-21 23:25:00'),
(2, 9, 'reading', 63, '2024-02-08 22:38:00'),
(2, 31, 'finished', 100, '2024-03-24 23:24:00'),
(2, 72, 'want to read', 0, '2024-04-11 21:42:00'),
(3, 155, 'want to read', 0, '2024-03-24 14:23:00'),
(3, 119, 'finished', 100, '2024-01-16 03:05:00'),
(3, 81, 'finished', 100, '2024-03-03 20:42:00'),
(4, 6, 'want to read', 0, '2024-03-02 08:44:00'),
(4, 187, 'want to read', 0, '2024-01-13 18:11:00'),
(4, 183, 'reading', 62, '2024-03-23 22:27:00'),
(5, 183, 'finished', 100, '2024-04-01 17:11:00'),
(5, 33, 'reading', 90, '2024-01-03 12:35:00'),
(5, 26, 'want to read', 0, '2024-04-10 16:31:00'),
(5, 105, 'finished', 100, '2024-03-07 18:34:00'),
(6, 64, 'want to read', 0, '2024-03-29 05:00:00'),
(6, 31, 'want to read', 0, '2024-02-27 10:07:00'),
(6, 57, 'finished', 100, '2024-01-17 18:13:00'),
(7, 23, 'finished', 100, '2024-01-11 03:32:00'),
(7, 180, 'reading', 47, '2024-03-10 05:27:00'),
(7, 76, 'want to read', 0, '2024-01-01 07:19:00'),
(8, 169, 'reading', 18, '2024-03-14 15:44:00'),
(8, 86, 'reading', 67, '2024-04-26 11:38:00'),
(8, 173, 'want to read', 0, '2024-03-06 06:44:00'),
(9, 12, 'finished', 100, '2024-01-19 09:54:00'),
(9, 71, 'finished', 100, '2024-01-18 19:35:00'),
(9, 10, 'finished', 100, '2024-03-16 11:17:00'),
(10, 196, 'want to read', 0, '2024-02-02 08:24:00'),
(10, 130, 'want to read', 0, '2024-04-25 05:25:00'),
(10, 20, 'reading', 11, '2024-04-30 08:43:00'),
(11, 37, 'want to read', 0, '2024-04-03 08:40:00'),
(11, 174, 'want to read', 0, '2024-03-23 06:45:00'),
(11, 63, 'reading', 73, '2024-03-25 20:52:00'),
(11, 19, 'want to read', 0, '2024-03-18 05:26:00'),
(12, 102, 'finished', 100, '2024-03-18 07:04:00'),
(12, 133, 'reading', 16, '2024-03-09 03:43:00'),
(12, 119, 'want to read', 0, '2024-02-22 02:21:00'),
(13, 114, 'finished', 100, '2024-04-21 07:17:00'),
(13, 107, 'finished', 100, '2024-01-13 12:14:00'),
(13, 80, 'reading', 14, '2024-04-10 03:11:00'),
(14, 187, 'reading', 90, '2024-03-14 09:35:00'),
(14, 162, 'reading', 78, '2024-01-13 01:10:00'),
(14, 25, 'reading', 97, '2024-02-19 05:22:00'),
(14, 172, 'want to read', 0, '2024-03-27 17:35:00'),
(15, 159, 'finished', 100, '2024-03-28 16:45:00'),
(15, 188, 'finished', 100, '2024-03-25 04:09:00'),
(15, 33, 'reading', 73, '2024-04-04 08:03:00'),
(15, 77, 'want to read', 0, '2024-03-22 11:45:00'),
(16, 192, 'finished', 100, '2024-02-26 11:51:00'),
(16, 129, 'reading', 65, '2024-02-06 08:27:00'),
(16, 154, 'want to read', 0, '2024-04-30 22:56:00'),
(17, 89, 'reading', 53, '2024-04-08 10:54:00'),
(17, 199, 'finished', 100, '2024-03-22 02:04:00'),
(17, 23, 'want to read', 0, '2024-01-31 02:10:00'),
(18, 22, 'reading', 2, '2024-02-24 21:32:00'),
(18, 84, 'want to read', 0, '2024-01-18 15:31:00'),
(18, 178, 'want to read', 0, '2024-03-28 21:56:00'),
(19, 125, 'finished', 100, '2024-04-26 23:00:00'),
(19, 4, 'want to read', 0, '2024-02-24 22:34:00'),
(19, 194, 'want to read', 0, '2024-02-14 07:47:00'),
(20, 192, 'want to read', 0, '2024-04-29 16:57:00'),
(20, 151, 'finished', 100, '2024-01-23 02:23:00'),
(20, 54, 'finished', 100, '2024-03-06 11:03:00'),
(21, 163, 'finished', 100, '2024-02-13 21:15:00'),
(21, 119, 'want to read', 0, '2024-04-18 03:18:00'),
(21, 54, 'reading', 62, '2024-02-07 08:13:00'),
(21, 117, 'finished', 100, '2024-04-04 20:36:00'),
(22, 66, 'reading', 80, '2024-04-18 15:03:00'),
(22, 89, 'reading', 1, '2024-03-19 14:21:00'),
(22, 168, 'reading', 46, '2024-01-14 00:22:00'),
(22, 10, 'want to read', 0, '2024-01-24 12:22:00'),
(23, 26, 'finished', 100, '2024-01-11 16:32:00'),
(23, 132, 'finished', 100, '2024-02-22 03:58:00'),
(23, 162, 'reading', 1, '2024-01-20 21:16:00'),
(24, 157, 'reading', 47, '2024-02-24 05:34:00'),
(24, 123, 'reading', 14, '2024-02-26 21:53:00'),
(24, 117, 'reading', 21, '2024-01-18 11:47:00'),
(25, 2, 'finished', 100, '2024-02-06 01:08:00'),
(25, 113, 'reading', 54, '2024-04-05 10:57:00'),
(25, 61, 'finished', 100, '2024-01-21 21:12:00'),
(25, 29, 'reading', 86, '2024-02-04 03:26:00'),
(26, 177, 'reading', 65, '2024-04-02 23:53:00'),
(26, 163, 'reading', 17, '2024-01-15 03:50:00'),
(26, 33, 'finished', 100, '2024-01-17 04:22:00'),
(26, 105, 'want to read', 0, '2024-01-02 21:15:00'),
(27, 109, 'want to read', 0, '2024-01-02 13:30:00'),
(27, 131, 'reading', 37, '2024-03-03 02:48:00'),
(27, 189, 'reading', 32, '2024-03-20 04:46:00'),
(28, 74, 'reading', 90, '2024-02-01 21:52:00'),
(28, 82, 'reading', 26, '2024-03-01 22:50:00'),
(28, 30, 'finished', 100, '2024-03-30 23:32:00'),
(29, 59, 'want to read', 0, '2024-01-20 07:07:00'),
(29, 188, 'finished', 100, '2024-02-21 01:17:00'),
(29, 198, 'finished', 100, '2024-04-28 04:27:00'),
(30, 194, 'finished', 100, '2024-02-18 13:33:00'),
(30, 62, 'reading', 90, '2024-03-22 07:14:00'),
(30, 24, 'reading', 55, '2024-03-02 01:32:00'),
(31, 14, 'reading', 36, '2024-04-30 11:45:00'),
(31, 88, 'reading', 32, '2024-02-10 01:11:00'),
(31, 29, 'finished', 100, '2024-01-01 01:42:00'),
(31, 79, 'want to read', 0, '2024-02-11 06:18:00'),
(32, 82, 'finished', 100, '2024-02-02 15:23:00'),
(32, 192, 'reading', 39, '2024-01-15 03:42:00'),
(32, 26, 'finished', 100, '2024-03-28 17:49:00'),
(32, 132, 'finished', 100, '2024-02-12 11:47:00'),
(33, 187, 'finished', 100, '2024-03-24 08:13:00'),
(33, 172, 'want to read', 0, '2024-02-19 02:56:00'),
(33, 191, 'finished', 100, '2024-01-17 20:47:00'),
(33, 117, 'want to read', 0, '2024-01-16 01:37:00'),
(34, 60, 'finished', 100, '2024-04-30 17:39:00'),
(34, 151, 'reading', 39, '2024-04-02 15:48:00'),
(34, 26, 'finished', 100, '2024-03-09 23:09:00'),
(35, 33, 'want to read', 0, '2024-04-01 08:57:00'),
(35, 60, 'want to read', 0, '2024-02-14 11:28:00'),
(35, 129, 'want to read', 0, '2024-04-01 03:58:00'),
(36, 18, 'want to read', 0, '2024-04-11 00:10:00'),
(36, 160, 'want to read', 0, '2024-02-05 22:08:00'),
(36, 129, 'reading', 6, '2024-03-13 01:50:00'),
(36, 171, 'want to read', 0, '2024-01-25 23:52:00'),
(37, 163, 'finished', 100, '2024-02-26 16:24:00'),
(37, 173, 'want to read', 0, '2024-04-09 12:25:00'),
(37, 168, 'want to read', 0, '2024-02-04 06:11:00'),
(37, 20, 'finished', 100, '2024-01-21 18:13:00'),
(38, 168, 'want to read', 0, '2024-04-02 16:16:00'),
(38, 153, 'reading', 29, '2024-02-07 22:17:00'),
(38, 165, 'want to read', 0, '2024-01-16 05:14:00'),
(39, 173, 'finished', 100, '2024-03-22 04:56:00'),
(39, 71, 'reading', 18, '2024-02-04 01:41:00'),
(39, 85, 'finished', 100, '2024-04-15 06:34:00'),
(40, 1, 'want to read', 0, '2024-02-17 10:05:00'),
(40, 110, 'want to read', 0, '2024-04-23 17:16:00'),
(40, 198, 'want to read', 0, '2024-01-18 13:57:00'),
(41, 105, 'reading', 29, '2024-04-03 08:11:00'),
(41, 15, 'reading', 3, '2024-03-09 21:55:00'),
(41, 197, 'want to read', 0, '2024-01-14 23:47:00'),
(41, 3, 'want to read', 0, '2024-02-18 20:16:00'),
(42, 135, 'reading', 27, '2024-03-15 20:51:00'),
(42, 67, 'reading', 20, '2024-02-27 07:46:00'),
(42, 105, 'want to read', 0, '2024-02-25 11:09:00'),
(43, 24, 'finished', 100, '2024-04-14 05:12:00'),
(43, 163, 'want to read', 0, '2024-03-03 23:11:00'),
(43, 57, 'want to read', 0, '2024-02-06 00:19:00'),
(43, 154, 'finished', 100, '2024-04-23 05:52:00'),
(44, 192, 'finished', 100, '2024-02-24 07:29:00'),
(44, 59, 'want to read', 0, '2024-02-21 03:46:00'),
(44, 18, 'want to read', 0, '2024-01-18 23:48:00'),
(44, 37, 'finished', 100, '2024-03-18 03:24:00'),
(45, 6, 'finished', 100, '2024-02-01 02:17:00'),
(45, 29, 'finished', 100, '2024-04-30 20:38:00'),
(45, 4, 'finished', 100, '2024-04-11 00:50:00'),
(45, 12, 'finished', 100, '2024-03-10 23:52:00'),
(46, 22, 'want to read', 0, '2024-04-24 14:52:00'),
(46, 62, 'finished', 100, '2024-02-09 10:30:00'),
(46, 36, 'finished', 100, '2024-02-01 01:34:00'),
(46, 159, 'want to read', 0, '2024-02-04 20:34:00'),
(47, 6, 'want to read', 0, '2024-02-07 03:32:00'),
(47, 12, 'reading', 19, '2024-01-01 07:01:00'),
(47, 27, 'finished', 100, '2024-02-24 12:09:00'),
(48, 84, 'reading', 22, '2024-01-15 07:06:00'),
(48, 68, 'reading', 46, '2024-01-10 19:21:00'),
(48, 120, 'finished', 100, '2024-02-16 02:57:00'),
(48, 29, 'finished', 100, '2024-03-18 04:11:00'),
(49, 172, 'want to read', 0, '2024-02-24 04:57:00'),
(49, 107, 'want to read', 0, '2024-03-28 09:39:00'),
(49, 190, 'reading', 45, '2024-04-22 03:17:00'),
(49, 57, 'reading', 85, '2024-02-17 08:51:00'),
(50, 1, 'reading', 19, '2024-02-19 14:46:00'),
(50, 39, 'reading', 9, '2024-01-15 18:27:00'),
(50, 38, 'want to read', 0, '2024-02-05 04:05:00'),
(51, 33, 'reading', 64, '2024-02-24 15:44:00'),
(51, 57, 'reading', 78, '2024-04-11 20:21:00'),
(51, 120, 'finished', 100, '2024-04-12 20:58:00'),
(51, 112, 'finished', 100, '2024-02-19 13:35:00'),
(52, 174, 'reading', 11, '2024-03-15 22:26:00'),
(52, 173, 'want to read', 0, '2024-03-14 22:51:00'),
(52, 163, 'want to read', 0, '2024-01-29 22:05:00'),
(52, 69, 'finished', 100, '2024-02-16 00:13:00'),
(53, 114, 'finished', 100, '2024-04-27 03:03:00'),
(53, 179, 'reading', 47, '2024-04-18 04:18:00'),
(53, 158, 'reading', 19, '2024-04-16 17:59:00'),
(54, 73, 'want to read', 0, '2024-01-18 03:44:00'),
(54, 64, 'want to read', 0, '2024-01-19 12:46:00'),
(54, 68, 'finished', 100, '2024-03-30 13:23:00'),
(54, 15, 'finished', 100, '2024-03-30 03:42:00'),
(55, 159, 'finished', 100, '2024-01-19 11:09:00'),
(55, 189, 'finished', 100, '2024-02-01 02:00:00'),
(55, 51, 'want to read', 0, '2024-04-16 13:09:00'),
(56, 157, 'want to read', 0, '2024-02-08 15:26:00'),
(56, 36, 'want to read', 0, '2024-02-13 14:50:00'),
(56, 172, 'want to read', 0, '2024-03-29 00:18:00'),
(57, 40, 'want to read', 0, '2024-04-06 05:32:00'),
(57, 16, 'finished', 100, '2024-01-02 12:53:00'),
(57, 9, 'reading', 88, '2024-04-22 14:35:00'),
(58, 183, 'reading', 21, '2024-02-04 02:33:00'),
(58, 165, 'reading', 17, '2024-04-05 06:25:00'),
(58, 89, 'want to read', 0, '2024-01-08 07:25:00'),
(58, 69, 'finished', 100, '2024-04-15 23:35:00'),
(59, 156, 'want to read', 0, '2024-03-23 12:52:00'),
(59, 159, 'reading', 22, '2024-01-07 11:41:00'),
(59, 102, 'reading', 25, '2024-02-04 03:06:00'),
(60, 114, 'finished', 100, '2024-01-31 09:10:00'),
(60, 191, 'want to read', 0, '2024-01-14 02:13:00'),
(60, 107, 'want to read', 0, '2024-01-02 09:12:00'),
(61, 200, 'reading', 11, '2024-03-13 18:02:00'),
(61, 9, 'want to read', 0, '2024-04-11 15:02:00'),
(61, 72, 'finished', 100, '2024-02-10 02:19:00'),
(62, 113, 'want to read', 0, '2024-01-25 10:48:00'),
(62, 83, 'reading', 93, '2024-02-15 04:44:00'),
(62, 123, 'want to read', 0, '2024-01-13 10:26:00'),
(63, 165, 'want to read', 0, '2024-04-11 12:30:00'),
(63, 39, 'want to read', 0, '2024-04-21 01:18:00'),
(63, 7, 'finished', 100, '2024-01-20 21:29:00'),
(64, 197, 'finished', 100, '2024-04-13 21:41:00'),
(64, 24, 'finished', 100, '2024-04-08 22:10:00'),
(64, 70, 'want to read', 0, '2024-03-07 23:38:00'),
(65, 151, 'reading', 80, '2024-04-19 13:02:00'),
(65, 34, 'want to read', 0, '2024-04-09 21:24:00'),
(65, 108, 'finished', 100, '2024-01-27 19:38:00'),
(65, 85, 'finished', 100, '2024-01-20 18:40:00'),
(66, 25, 'want to read', 0, '2024-04-21 02:31:00'),
(66, 4, 'finished', 100, '2024-02-28 10:10:00'),
(66, 37, 'reading', 21, '2024-01-09 08:36:00'),
(66, 101, 'reading', 46, '2024-01-12 02:11:00'),
(67, 77, 'want to read', 0, '2024-04-28 04:07:00'),
(67, 158, 'want to read', 0, '2024-03-03 01:23:00'),
(67, 76, 'reading', 52, '2024-02-22 19:58:00'),
(67, 135, 'want to read', 0, '2024-01-17 14:23:00'),
(68, 117, 'reading', 34, '2024-04-22 21:02:00'),
(68, 22, 'want to read', 0, '2024-03-23 01:47:00'),
(68, 127, 'finished', 100, '2024-03-30 17:00:00'),
(68, 166, 'finished', 100, '2024-04-19 03:18:00'),
(69, 51, 'finished', 100, '2024-02-19 14:42:00'),
(69, 182, 'finished', 100, '2024-02-14 14:29:00'),
(69, 124, 'want to read', 0, '2024-03-09 14:06:00'),
(69, 19, 'finished', 100, '2024-01-24 23:06:00'),
(70, 132, 'finished', 100, '2024-02-10 10:38:00'),
(70, 62, 'reading', 28, '2024-03-30 23:30:00'),
(70, 124, 'finished', 100, '2024-02-05 14:02:00'),
(70, 106, 'want to read', 0, '2024-01-20 15:09:00'),
(71, 103, 'want to read', 0, '2024-04-09 12:03:00'),
(71, 182, 'reading', 56, '2024-03-01 06:03:00'),
(71, 9, 'finished', 100, '2024-04-21 00:48:00'),
(72, 80, 'finished', 100, '2024-01-19 02:17:00'),
(72, 75, 'reading', 11, '2024-02-08 22:28:00'),
(72, 199, 'reading', 68, '2024-01-28 21:57:00'),
(72, 56, 'reading', 24, '2024-04-16 01:05:00'),
(73, 109, 'reading', 54, '2024-03-02 15:34:00'),
(73, 87, 'want to read', 0, '2024-04-10 05:44:00'),
(73, 53, 'reading', 46, '2024-04-26 22:36:00'),
(73, 61, 'reading', 2, '2024-03-12 19:12:00'),
(74, 185, 'reading', 86, '2024-04-15 23:47:00'),
(74, 194, 'want to read', 0, '2024-04-03 10:00:00'),
(74, 38, 'finished', 100, '2024-04-24 14:59:00'),
(75, 164, 'want to read', 0, '2024-02-22 08:33:00'),
(75, 103, 'want to read', 0, '2024-01-01 14:53:00'),
(75, 30, 'finished', 100, '2024-03-22 14:40:00'),
(76, 10, 'reading', 90, '2024-03-10 05:38:00'),
(76, 66, 'reading', 28, '2024-02-14 06:12:00'),
(76, 59, 'want to read', 0, '2024-03-14 00:23:00'),
(77, 5, 'finished', 100, '2024-03-30 15:41:00'),
(77, 88, 'reading', 53, '2024-02-22 11:22:00'),
(77, 89, 'want to read', 0, '2024-02-24 16:48:00'),
(77, 165, 'reading', 15, '2024-04-28 05:29:00'),
(78, 117, 'finished', 100, '2024-03-10 13:24:00'),
(78, 56, 'reading', 85, '2024-03-29 21:27:00'),
(78, 178, 'want to read', 0, '2024-02-06 22:39:00'),
(78, 189, 'finished', 100, '2024-01-12 03:05:00'),
(79, 194, 'reading', 96, '2024-04-06 19:59:00'),
(79, 127, 'want to read', 0, '2024-01-13 20:28:00'),
(79, 27, 'want to read', 0, '2024-03-15 01:42:00'),
(80, 129, 'want to read', 0, '2024-02-18 03:12:00'),
(80, 65, 'reading', 16, '2024-02-14 14:26:00'),
(80, 68, 'want to read', 0, '2024-03-31 23:25:00'),
(80, 153, 'finished', 100, '2024-04-30 11:50:00'),
(81, 166, 'want to read', 0, '2024-02-03 09:53:00'),
(81, 83, 'reading', 87, '2024-01-31 00:57:00'),
(81, 79, 'reading', 5, '2024-01-02 00:09:00'),
(82, 169, 'finished', 100, '2024-03-14 13:15:00'),
(82, 190, 'want to read', 0, '2024-02-20 06:39:00'),
(82, 103, 'want to read', 0, '2024-02-20 01:51:00'),
(82, 107, 'want to read', 0, '2024-02-24 04:40:00'),
(83, 55, 'finished', 100, '2024-02-25 07:06:00'),
(83, 125, 'want to read', 0, '2024-04-12 04:32:00'),
(83, 103, 'finished', 100, '2024-03-21 18:50:00'),
(83, 169, 'reading', 98, '2024-03-21 08:53:00'),
(84, 104, 'finished', 100, '2024-01-04 13:00:00'),
(84, 63, 'want to read', 0, '2024-04-08 18:09:00'),
(84, 24, 'finished', 100, '2024-03-20 22:34:00'),
(85, 183, 'want to read', 0, '2024-04-03 04:29:00'),
(85, 119, 'want to read', 0, '2024-03-21 11:11:00'),
(85, 7, 'finished', 100, '2024-03-24 07:19:00'),
(86, 174, 'reading', 85, '2024-01-07 08:05:00'),
(86, 73, 'finished', 100, '2024-03-21 00:40:00'),
(86, 118, 'want to read', 0, '2024-04-20 03:07:00'),
(87, 189, 'reading', 34, '2024-04-24 05:05:00'),
(87, 32, 'finished', 100, '2024-03-04 11:58:00'),
(87, 28, 'finished', 100, '2024-02-20 03:31:00'),
(87, 37, 'finished', 100, '2024-02-22 02:31:00'),
(88, 64, 'reading', 82, '2024-04-26 14:51:00'),
(88, 129, 'finished', 100, '2024-01-24 09:00:00'),
(88, 118, 'finished', 100, '2024-03-25 18:40:00'),
(89, 31, 'reading', 79, '2024-03-17 17:00:00'),
(89, 109, 'finished', 100, '2024-03-07 23:16:00'),
(89, 110, 'finished', 100, '2024-01-25 19:01:00'),
(90, 169, 'finished', 100, '2024-04-20 11:07:00'),
(90, 168, 'finished', 100, '2024-01-04 10:08:00'),
(90, 40, 'finished', 100, '2024-01-11 23:44:00'),
(91, 79, 'finished', 100, '2024-01-12 11:45:00'),
(91, 81, 'want to read', 0, '2024-03-24 09:29:00'),
(91, 160, 'want to read', 0, '2024-04-13 15:27:00'),
(92, 60, 'want to read', 0, '2024-04-18 22:17:00'),
(92, 75, 'reading', 14, '2024-03-15 18:19:00'),
(92, 55, 'finished', 100, '2024-04-11 06:46:00'),
(92, 61, 'reading', 56, '2024-04-23 14:27:00'),
(93, 103, 'reading', 55, '2024-01-26 18:22:00'),
(93, 196, 'reading', 81, '2024-04-14 02:28:00'),
(93, 28, 'finished', 100, '2024-04-23 01:32:00'),
(93, 192, 'reading', 76, '2024-02-22 09:38:00'),
(94, 123, 'reading', 55, '2024-04-11 05:22:00'),
(94, 8, 'finished', 100, '2024-01-10 06:42:00'),
(94, 30, 'reading', 48, '2024-01-19 10:07:00'),
(94, 57, 'finished', 100, '2024-02-10 22:00:00'),
(95, 65, 'finished', 100, '2024-03-12 02:24:00'),
(95, 156, 'reading', 78, '2024-01-28 16:13:00'),
(95, 182, 'finished', 100, '2024-03-12 08:45:00'),
(95, 104, 'want to read', 0, '2024-04-23 21:04:00'),
(96, 133, 'reading', 64, '2024-01-06 08:26:00'),
(96, 103, 'finished', 100, '2024-01-16 14:10:00'),
(96, 61, 'want to read', 0, '2024-02-11 18:24:00'),
(96, 13, 'finished', 100, '2024-03-14 00:18:00'),
(97, 184, 'reading', 17, '2024-04-17 12:02:00'),
(97, 2, 'want to read', 0, '2024-04-27 16:02:00'),
(97, 155, 'reading', 83, '2024-01-03 02:30:00'),
(98, 128, 'reading', 97, '2024-02-14 12:05:00'),
(98, 88, 'want to read', 0, '2024-04-09 10:31:00'),
(98, 81, 'want to read', 0, '2024-01-07 12:19:00'),
(99, 163, 'finished', 100, '2024-01-04 07:03:00'),
(99, 32, 'finished', 100, '2024-01-18 03:20:00'),
(99, 117, 'want to read', 0, '2024-04-02 13:14:00'),
(99, 195, 'finished', 100, '2024-01-12 06:46:00'),
(100, 174, 'finished', 100, '2024-01-15 01:19:00'),
(100, 2, 'finished', 100, '2024-02-03 10:44:00'),
(100, 14, 'want to read', 0, '2024-04-11 12:17:00'),
(100, 77, 'want to read', 0, '2024-01-22 04:37:00'),
(101, 31, 'want to read', 0, '2024-04-23 13:40:00'),
(101, 33, 'reading', 86, '2024-01-16 16:33:00'),
(101, 103, 'finished', 100, '2024-03-14 15:42:00'),
(101, 38, 'reading', 36, '2024-02-11 23:30:00'),
(102, 24, 'want to read', 0, '2024-01-11 11:35:00'),
(102, 78, 'finished', 100, '2024-03-25 20:47:00'),
(102, 86, 'finished', 100, '2024-03-29 02:04:00'),
(103, 16, 'reading', 50, '2024-01-25 15:06:00'),
(103, 65, 'reading', 27, '2024-04-14 18:48:00'),
(103, 4, 'want to read', 0, '2024-03-06 10:48:00'),
(103, 66, 'reading', 91, '2024-02-28 20:09:00'),
(104, 34, 'reading', 58, '2024-04-21 19:32:00'),
(104, 67, 'finished', 100, '2024-04-09 12:12:00'),
(104, 115, 'finished', 100, '2024-02-05 13:10:00'),
(105, 184, 'finished', 100, '2024-04-05 03:15:00'),
(105, 27, 'finished', 100, '2024-04-24 14:11:00'),
(105, 38, 'reading', 4, '2024-03-01 21:33:00'),
(105, 155, 'reading', 46, '2024-02-03 03:59:00'),
(106, 112, 'finished', 100, '2024-02-20 16:27:00'),
(106, 132, 'want to read', 0, '2024-02-12 01:28:00'),
(106, 65, 'reading', 48, '2024-01-13 01:41:00'),
(107, 130, 'reading', 23, '2024-03-17 08:33:00'),
(107, 60, 'want to read', 0, '2024-03-04 16:27:00'),
(107, 86, 'finished', 100, '2024-03-28 01:41:00'),
(107, 59, 'finished', 100, '2024-01-15 07:07:00'),
(108, 10, 'finished', 100, '2024-01-09 17:06:00'),
(108, 184, 'reading', 29, '2024-04-22 19:44:00'),
(108, 79, 'want to read', 0, '2024-02-21 12:25:00'),
(109, 67, 'finished', 100, '2024-01-22 06:22:00'),
(109, 79, 'want to read', 0, '2024-02-06 22:38:00'),
(109, 163, 'reading', 94, '2024-01-01 03:11:00'),
(110, 89, 'want to read', 0, '2024-01-09 05:11:00'),
(110, 72, 'reading', 59, '2024-01-19 00:42:00'),
(110, 54, 'reading', 55, '2024-02-12 00:11:00'),
(110, 102, 'reading', 10, '2024-01-22 21:48:00'),
(111, 189, 'want to read', 0, '2024-01-01 15:55:00'),
(111, 112, 'finished', 100, '2024-03-01 03:02:00'),
(111, 158, 'finished', 100, '2024-03-13 21:18:00'),
(112, 171, 'finished', 100, '2024-04-09 03:06:00'),
(112, 165, 'reading', 95, '2024-02-12 14:31:00'),
(112, 53, 'want to read', 0, '2024-02-14 17:16:00'),
(113, 75, 'reading', 39, '2024-03-31 10:57:00'),
(113, 115, 'want to read', 0, '2024-04-09 21:54:00'),
(113, 154, 'want to read', 0, '2024-03-02 03:17:00'),
(113, 4, 'want to read', 0, '2024-03-07 23:40:00'),
(114, 38, 'want to read', 0, '2024-01-19 11:31:00'),
(114, 127, 'finished', 100, '2024-02-01 18:47:00'),
(114, 67, 'want to read', 0, '2024-02-25 11:13:00'),
(115, 60, 'finished', 100, '2024-02-05 20:43:00'),
(115, 118, 'want to read', 0, '2024-04-25 14:56:00'),
(115, 200, 'want to read', 0, '2024-01-23 08:58:00'),
(116, 106, 'reading', 40, '2024-01-25 01:37:00'),
(116, 122, 'want to read', 0, '2024-03-30 10:53:00'),
(116, 187, 'want to read', 0, '2024-01-16 13:50:00'),
(116, 128, 'reading', 73, '2024-04-11 11:18:00'),
(117, 3, 'reading', 88, '2024-01-20 16:18:00'),
(117, 164, 'want to read', 0, '2024-03-12 21:10:00'),
(117, 38, 'reading', 63, '2024-02-06 02:51:00'),
(118, 4, 'reading', 76, '2024-01-16 01:31:00'),
(118, 153, 'reading', 1, '2024-02-25 11:42:00'),
(118, 11, 'finished', 100, '2024-01-07 08:08:00'),
(118, 66, 'reading', 37, '2024-04-10 16:42:00'),
(119, 23, 'want to read', 0, '2024-01-26 13:37:00'),
(119, 80, 'finished', 100, '2024-02-07 07:02:00'),
(119, 37, 'reading', 46, '2024-02-01 21:40:00'),
(120, 130, 'reading', 77, '2024-02-09 05:36:00'),
(120, 124, 'reading', 87, '2024-04-22 10:51:00'),
(120, 26, 'want to read', 0, '2024-01-18 21:49:00'),
(120, 77, 'finished', 100, '2024-02-02 04:26:00'),
(121, 88, 'reading', 73, '2024-04-28 20:29:00'),
(121, 89, 'want to read', 0, '2024-01-24 12:50:00'),
(121, 22, 'reading', 13, '2024-01-18 16:28:00'),
(122, 165, 'reading', 60, '2024-02-23 13:29:00'),
(122, 113, 'finished', 100, '2024-04-26 17:01:00'),
(122, 156, 'reading', 12, '2024-04-06 04:39:00'),
(122, 112, 'reading', 32, '2024-03-15 16:23:00'),
(123, 195, 'reading', 7, '2024-04-06 12:08:00'),
(123, 176, 'reading', 86, '2024-01-01 14:51:00'),
(123, 181, 'want to read', 0, '2024-02-28 01:05:00'),
(124, 80, 'want to read', 0, '2024-01-13 09:36:00'),
(124, 28, 'reading', 89, '2024-02-12 01:07:00'),
(124, 107, 'want to read', 0, '2024-03-15 21:32:00'),
(125, 63, 'want to read', 0, '2024-04-04 15:08:00'),
(125, 169, 'finished', 100, '2024-04-24 21:40:00'),
(125, 37, 'finished', 100, '2024-02-08 20:19:00'),
(126, 161, 'finished', 100, '2024-01-09 00:09:00'),
(126, 196, 'want to read', 0, '2024-04-22 03:33:00'),
(126, 62, 'finished', 100, '2024-02-01 06:06:00'),
(127, 7, 'finished', 100, '2024-04-28 03:19:00'),
(127, 166, 'reading', 62, '2024-01-24 07:53:00'),
(127, 135, 'want to read', 0, '2024-02-03 19:43:00'),
(127, 122, 'reading', 85, '2024-03-19 03:27:00'),
(128, 199, 'finished', 100, '2024-04-14 23:42:00'),
(128, 6, 'finished', 100, '2024-01-22 16:47:00'),
(128, 58, 'want to read', 0, '2024-03-10 06:30:00'),
(129, 85, 'reading', 86, '2024-02-05 12:24:00'),
(129, 26, 'want to read', 0, '2024-04-12 03:29:00'),
(129, 187, 'reading', 55, '2024-01-19 00:18:00'),
(129, 163, 'reading', 16, '2024-03-13 12:00:00'),
(130, 9, 'reading', 18, '2024-02-29 23:29:00'),
(130, 195, 'reading', 2, '2024-01-21 11:32:00'),
(130, 135, 'want to read', 0, '2024-01-27 11:57:00'),
(130, 11, 'want to read', 0, '2024-03-08 12:32:00'),
(131, 55, 'want to read', 0, '2024-04-02 18:21:00'),
(131, 39, 'reading', 92, '2024-04-19 04:17:00'),
(131, 112, 'want to read', 0, '2024-02-08 12:04:00'),
(132, 118, 'want to read', 0, '2024-03-31 16:49:00'),
(132, 157, 'want to read', 0, '2024-03-08 08:08:00'),
(132, 192, 'want to read', 0, '2024-02-11 18:37:00'),
(132, 57, 'reading', 75, '2024-03-20 12:04:00'),
(133, 8, 'finished', 100, '2024-03-26 03:31:00'),
(133, 51, 'want to read', 0, '2024-03-01 10:48:00'),
(133, 70, 'finished', 100, '2024-04-08 23:50:00'),
(134, 27, 'reading', 9, '2024-01-08 19:16:00'),
(134, 55, 'finished', 100, '2024-01-05 23:04:00'),
(134, 120, 'reading', 98, '2024-02-17 19:40:00'),
(135, 55, 'want to read', 0, '2024-02-27 12:08:00'),
(135, 104, 'want to read', 0, '2024-03-14 17:12:00'),
(135, 28, 'finished', 100, '2024-02-02 15:28:00'),
(136, 68, 'want to read', 0, '2024-04-13 06:05:00'),
(136, 62, 'want to read', 0, '2024-01-04 20:42:00'),
(136, 52, 'finished', 100, '2024-01-27 01:51:00'),
(136, 133, 'finished', 100, '2024-04-24 00:23:00'),
(137, 182, 'finished', 100, '2024-03-28 23:58:00'),
(137, 176, 'want to read', 0, '2024-03-23 16:31:00'),
(137, 19, 'finished', 100, '2024-04-16 06:36:00'),
(137, 109, 'reading', 65, '2024-02-15 11:39:00'),
(138, 18, 'want to read', 0, '2024-02-18 02:36:00'),
(138, 134, 'finished', 100, '2024-01-17 16:19:00'),
(138, 131, 'finished', 100, '2024-01-16 15:14:00'),
(139, 190, 'finished', 100, '2024-01-29 09:59:00'),
(139, 175, 'reading', 50, '2024-03-31 11:04:00'),
(139, 106, 'finished', 100, '2024-02-06 02:34:00'),
(140, 169, 'reading', 52, '2024-03-20 01:34:00'),
(140, 193, 'want to read', 0, '2024-04-24 03:37:00'),
(140, 165, 'reading', 34, '2024-03-24 00:02:00'),
(141, 129, 'finished', 100, '2024-01-18 06:35:00'),
(141, 77, 'want to read', 0, '2024-02-12 21:58:00'),
(141, 62, 'finished', 100, '2024-01-31 15:04:00'),
(141, 107, 'want to read', 0, '2024-04-25 19:44:00'),
(142, 110, 'want to read', 0, '2024-04-04 19:59:00'),
(142, 19, 'finished', 100, '2024-04-23 17:30:00'),
(142, 128, 'finished', 100, '2024-02-04 23:02:00'),
(143, 10, 'finished', 100, '2024-03-24 11:27:00'),
(143, 164, 'reading', 39, '2024-04-10 07:01:00'),
(143, 166, 'finished', 100, '2024-01-04 06:34:00'),
(144, 5, 'reading', 99, '2024-02-18 22:08:00'),
(144, 178, 'reading', 90, '2024-02-24 17:08:00'),
(144, 160, 'finished', 100, '2024-02-26 03:57:00'),
(144, 14, 'want to read', 0, '2024-04-25 11:22:00'),
(145, 109, 'finished', 100, '2024-01-30 02:37:00'),
(145, 133, 'finished', 100, '2024-01-30 13:47:00'),
(145, 15, 'want to read', 0, '2024-03-13 01:51:00'),
(146, 74, 'finished', 100, '2024-01-17 14:11:00'),
(146, 15, 'reading', 6, '2024-02-10 11:38:00'),
(146, 20, 'want to read', 0, '2024-04-23 07:18:00'),
(147, 192, 'want to read', 0, '2024-01-16 21:04:00'),
(147, 123, 'finished', 100, '2024-02-02 17:13:00'),
(147, 159, 'reading', 91, '2024-04-04 11:57:00'),
(148, 135, 'want to read', 0, '2024-02-07 20:15:00'),
(148, 88, 'want to read', 0, '2024-04-24 08:20:00'),
(148, 115, 'want to read', 0, '2024-03-10 16:06:00'),
(149, 110, 'reading', 36, '2024-01-11 06:58:00'),
(149, 127, 'finished', 100, '2024-04-17 16:14:00'),
(149, 196, 'reading', 95, '2024-03-11 06:07:00'),
(150, 37, 'want to read', 0, '2024-04-07 14:07:00'),
(150, 10, 'finished', 100, '2024-03-04 01:17:00'),
(150, 71, 'reading', 76, '2024-02-19 09:52:00'),
(150, 134, 'finished', 100, '2024-01-08 08:54:00'),
(151, 163, 'reading', 6, '2024-01-29 06:24:00'),
(151, 5, 'finished', 100, '2024-03-25 13:34:00'),
(151, 119, 'finished', 100, '2024-03-25 09:02:00'),
(151, 120, 'want to read', 0, '2024-04-07 11:59:00'),
(152, 192, 'want to read', 0, '2024-01-28 00:21:00'),
(152, 108, 'want to read', 0, '2024-04-16 19:27:00'),
(152, 78, 'reading', 94, '2024-04-28 23:48:00'),
(153, 28, 'want to read', 0, '2024-04-29 21:18:00'),
(153, 178, 'want to read', 0, '2024-02-29 13:36:00'),
(153, 121, 'want to read', 0, '2024-03-13 16:16:00'),
(154, 119, 'finished', 100, '2024-04-26 00:17:00'),
(154, 156, 'want to read', 0, '2024-02-05 02:15:00'),
(154, 71, 'want to read', 0, '2024-02-07 10:36:00'),
(155, 10, 'reading', 85, '2024-02-02 20:51:00'),
(155, 194, 'want to read', 0, '2024-01-02 03:19:00'),
(155, 81, 'want to read', 0, '2024-03-25 10:53:00'),
(155, 114, 'reading', 23, '2024-02-26 14:01:00'),
(156, 3, 'reading', 82, '2024-04-18 17:13:00'),
(156, 156, 'reading', 8, '2024-03-15 02:17:00'),
(156, 10, 'want to read', 0, '2024-03-11 10:04:00'),
(156, 113, 'reading', 24, '2024-02-03 08:16:00'),
(157, 33, 'finished', 100, '2024-04-21 19:41:00'),
(157, 69, 'finished', 100, '2024-01-30 03:41:00'),
(157, 198, 'finished', 100, '2024-01-24 21:32:00'),
(157, 55, 'reading', 75, '2024-02-10 01:35:00'),
(158, 16, 'finished', 100, '2024-03-27 11:34:00'),
(158, 77, 'want to read', 0, '2024-01-06 19:15:00'),
(158, 76, 'reading', 14, '2024-01-10 16:28:00'),
(159, 167, 'finished', 100, '2024-02-11 18:23:00'),
(159, 20, 'want to read', 0, '2024-02-23 02:41:00'),
(159, 71, 'reading', 37, '2024-01-19 00:20:00'),
(160, 107, 'reading', 80, '2024-01-04 05:23:00'),
(160, 126, 'finished', 100, '2024-02-07 04:58:00'),
(160, 117, 'want to read', 0, '2024-01-04 03:38:00'),
(160, 157, 'finished', 100, '2024-04-13 10:32:00'),
(161, 66, 'want to read', 0, '2024-04-02 04:24:00'),
(161, 118, 'want to read', 0, '2024-01-11 02:59:00'),
(161, 186, 'finished', 100, '2024-03-13 16:36:00'),
(161, 9, 'want to read', 0, '2024-03-11 23:26:00'),
(162, 172, 'reading', 85, '2024-03-08 16:28:00'),
(162, 14, 'reading', 35, '2024-01-25 18:18:00'),
(162, 192, 'finished', 100, '2024-02-12 07:51:00'),
(163, 70, 'want to read', 0, '2024-01-31 14:46:00'),
(163, 153, 'reading', 47, '2024-01-11 11:35:00'),
(163, 102, 'want to read', 0, '2024-01-10 11:41:00'),
(163, 30, 'reading', 78, '2024-01-30 14:50:00'),
(164, 69, 'finished', 100, '2024-04-09 13:43:00'),
(164, 182, 'want to read', 0, '2024-03-26 04:38:00'),
(164, 33, 'reading', 37, '2024-02-13 10:07:00'),
(164, 174, 'finished', 100, '2024-02-22 13:32:00'),
(165, 184, 'finished', 100, '2024-04-25 05:56:00'),
(165, 163, 'reading', 2, '2024-01-22 03:26:00'),
(165, 198, 'reading', 98, '2024-03-11 22:59:00'),
(166, 26, 'finished', 100, '2024-03-29 05:04:00'),
(166, 33, 'finished', 100, '2024-03-06 16:58:00'),
(166, 9, 'reading', 55, '2024-02-15 04:25:00'),
(166, 132, 'want to read', 0, '2024-03-12 07:45:00'),
(167, 31, 'want to read', 0, '2024-01-14 23:02:00'),
(167, 108, 'finished', 100, '2024-04-04 11:28:00'),
(167, 188, 'reading', 81, '2024-02-27 23:53:00'),
(167, 192, 'reading', 38, '2024-04-06 15:44:00'),
(168, 57, 'finished', 100, '2024-01-20 00:37:00'),
(168, 187, 'want to read', 0, '2024-02-17 21:41:00'),
(168, 167, 'reading', 49, '2024-02-11 14:11:00'),
(169, 25, 'reading', 7, '2024-03-13 16:57:00'),
(169, 70, 'want to read', 0, '2024-03-15 16:54:00'),
(169, 87, 'reading', 37, '2024-02-11 12:20:00'),
(169, 163, 'finished', 100, '2024-01-19 01:52:00'),
(170, 132, 'want to read', 0, '2024-04-22 19:20:00'),
(170, 169, 'finished', 100, '2024-02-14 09:10:00'),
(170, 82, 'finished', 100, '2024-02-06 08:31:00'),
(171, 68, 'want to read', 0, '2024-04-06 03:59:00'),
(171, 54, 'finished', 100, '2024-03-26 08:09:00'),
(171, 84, 'finished', 100, '2024-01-27 17:53:00'),
(171, 77, 'want to read', 0, '2024-04-06 05:01:00'),
(172, 175, 'finished', 100, '2024-03-03 00:23:00'),
(172, 174, 'finished', 100, '2024-02-06 18:27:00'),
(172, 60, 'want to read', 0, '2024-02-26 16:08:00'),
(173, 86, 'reading', 64, '2024-02-03 02:55:00'),
(173, 29, 'finished', 100, '2024-02-05 23:42:00'),
(173, 31, 'finished', 100, '2024-02-15 02:47:00'),
(173, 135, 'finished', 100, '2024-04-03 02:20:00'),
(174, 166, 'reading', 81, '2024-04-04 16:43:00'),
(174, 107, 'finished', 100, '2024-03-31 22:20:00'),
(174, 81, 'finished', 100, '2024-02-25 03:59:00'),
(175, 59, 'want to read', 0, '2024-03-21 00:15:00'),
(175, 179, 'finished', 100, '2024-03-16 12:55:00'),
(175, 197, 'finished', 100, '2024-03-27 06:16:00'),
(175, 10, 'reading', 20, '2024-03-03 05:46:00'),
(176, 83, 'finished', 100, '2024-03-07 23:47:00'),
(176, 34, 'finished', 100, '2024-01-01 13:04:00'),
(176, 61, 'reading', 72, '2024-03-19 06:45:00'),
(176, 199, 'finished', 100, '2024-01-05 13:44:00'),
(177, 194, 'finished', 100, '2024-03-22 11:30:00'),
(177, 119, 'want to read', 0, '2024-03-25 05:56:00'),
(177, 198, 'reading', 30, '2024-04-22 09:42:00'),
(177, 186, 'reading', 63, '2024-04-11 20:25:00'),
(178, 176, 'finished', 100, '2024-01-15 09:26:00'),
(178, 160, 'reading', 42, '2024-02-01 21:27:00'),
(178, 86, 'finished', 100, '2024-01-23 14:20:00'),
(178, 25, 'want to read', 0, '2024-01-15 11:44:00'),
(179, 33, 'reading', 88, '2024-01-31 00:18:00'),
(179, 160, 'reading', 65, '2024-01-28 13:03:00'),
(179, 162, 'want to read', 0, '2024-04-08 10:16:00'),
(179, 190, 'want to read', 0, '2024-02-10 13:25:00'),
(180, 130, 'reading', 63, '2024-04-03 07:21:00'),
(180, 124, 'want to read', 0, '2024-04-14 01:19:00'),
(180, 77, 'reading', 53, '2024-01-29 18:56:00'),
(180, 14, 'finished', 100, '2024-03-09 06:49:00'),
(181, 194, 'finished', 100, '2024-03-18 17:01:00'),
(181, 193, 'want to read', 0, '2024-01-03 12:05:00'),
(181, 106, 'want to read', 0, '2024-02-12 11:49:00'),
(182, 13, 'reading', 69, '2024-01-26 05:53:00'),
(182, 169, 'want to read', 0, '2024-02-20 22:14:00'),
(182, 64, 'reading', 21, '2024-04-26 11:21:00'),
(183, 66, 'finished', 100, '2024-04-18 00:48:00'),
(183, 178, 'want to read', 0, '2024-01-14 16:25:00'),
(183, 74, 'reading', 6, '2024-01-21 09:19:00'),
(183, 4, 'finished', 100, '2024-01-30 20:49:00'),
(184, 9, 'reading', 84, '2024-02-21 04:52:00'),
(184, 80, 'want to read', 0, '2024-04-22 08:55:00'),
(184, 32, 'finished', 100, '2024-01-10 02:32:00'),
(185, 6, 'finished', 100, '2024-01-13 23:37:00'),
(185, 4, 'reading', 25, '2024-04-16 19:54:00'),
(185, 175, 'reading', 42, '2024-02-24 16:47:00'),
(185, 191, 'finished', 100, '2024-02-08 08:29:00'),
(186, 26, 'reading', 49, '2024-02-07 13:05:00'),
(186, 78, 'finished', 100, '2024-02-22 17:17:00'),
(186, 184, 'reading', 37, '2024-04-26 22:34:00'),
(187, 119, 'want to read', 0, '2024-02-20 11:48:00'),
(187, 5, 'want to read', 0, '2024-04-01 03:28:00'),
(187, 164, 'finished', 100, '2024-03-14 00:25:00'),
(188, 151, 'want to read', 0, '2024-01-14 20:19:00'),
(188, 116, 'reading', 19, '2024-04-13 20:05:00'),
(188, 159, 'finished', 100, '2024-03-12 05:13:00'),
(189, 188, 'reading', 79, '2024-04-17 15:33:00'),
(189, 74, 'want to read', 0, '2024-04-17 18:48:00'),
(189, 22, 'finished', 100, '2024-01-08 15:16:00'),
(189, 37, 'reading', 40, '2024-04-04 10:53:00'),
(190, 10, 'want to read', 0, '2024-02-22 00:17:00'),
(190, 104, 'want to read', 0, '2024-01-27 17:50:00'),
(190, 181, 'reading', 70, '2024-03-04 10:41:00'),
(191, 104, 'want to read', 0, '2024-03-12 23:46:00'),
(191, 155, 'finished', 100, '2024-04-27 03:27:00'),
(191, 160, 'want to read', 0, '2024-01-10 12:08:00'),
(192, 52, 'finished', 100, '2024-01-26 14:55:00'),
(192, 170, 'finished', 100, '2024-01-05 13:31:00'),
(192, 32, 'finished', 100, '2024-03-21 16:31:00'),
(193, 177, 'finished', 100, '2024-02-07 03:27:00'),
(193, 129, 'reading', 93, '2024-04-28 21:17:00'),
(193, 124, 'want to read', 0, '2024-02-11 19:56:00'),
(194, 181, 'want to read', 0, '2024-03-28 06:51:00'),
(194, 53, 'want to read', 0, '2024-04-01 11:33:00'),
(194, 37, 'want to read', 0, '2024-02-02 15:29:00'),
(194, 85, 'finished', 100, '2024-04-29 10:59:00'),
(195, 53, 'finished', 100, '2024-02-10 13:11:00'),
(195, 171, 'finished', 100, '2024-03-01 02:00:00'),
(195, 158, 'reading', 90, '2024-01-25 06:44:00'),
(196, 174, 'finished', 100, '2024-01-08 19:29:00'),
(196, 154, 'want to read', 0, '2024-01-21 02:22:00'),
(196, 106, 'want to read', 0, '2024-03-12 07:22:00'),
(197, 60, 'reading', 75, '2024-04-03 09:23:00'),
(197, 81, 'want to read', 0, '2024-04-08 12:59:00'),
(197, 83, 'reading', 72, '2024-03-10 20:42:00'),
(198, 20, 'finished', 100, '2024-04-03 06:17:00'),
(198, 188, 'finished', 100, '2024-02-03 18:06:00'),
(198, 40, 'finished', 100, '2024-04-12 16:37:00'),
(199, 106, 'reading', 95, '2024-04-21 19:42:00'),
(199, 184, 'reading', 27, '2024-01-22 00:50:00'),
(199, 188, 'finished', 100, '2024-01-28 02:59:00'),
(199, 191, 'want to read', 0, '2024-01-19 04:10:00'),
(200, 1, 'finished', 100, '2024-03-06 14:27:00'),
(200, 104, 'want to read', 0, '2024-03-01 10:19:00'),
(200, 20, 'want to read', 0, '2024-04-07 03:15:00'),
(200, 14, 'want to read', 0, '2024-02-20 12:49:00'),
(201, 158, 'reading', 68, '2024-01-11 19:53:00'),
(201, 112, 'finished', 100, '2024-01-22 20:53:00'),
(201, 101, 'reading', 92, '2024-01-19 13:35:00'),
(201, 170, 'reading', 63, '2024-03-29 08:43:00'),
(202, 179, 'finished', 100, '2024-01-04 11:54:00'),
(202, 133, 'reading', 99, '2024-03-26 11:46:00'),
(202, 111, 'reading', 28, '2024-03-19 17:56:00'),
(203, 119, 'want to read', 0, '2024-01-02 06:28:00'),
(203, 117, 'reading', 68, '2024-01-25 00:37:00'),
(203, 56, 'reading', 43, '2024-01-13 11:58:00'),
(204, 165, 'finished', 100, '2024-03-23 08:41:00'),
(204, 4, 'reading', 51, '2024-01-06 22:45:00'),
(204, 192, 'reading', 36, '2024-03-21 01:36:00'),
(204, 80, 'finished', 100, '2024-04-20 22:59:00'),
(205, 192, 'finished', 100, '2024-03-01 23:55:00'),
(205, 198, 'want to read', 0, '2024-04-06 17:51:00'),
(205, 153, 'finished', 100, '2024-01-05 11:01:00'),
(205, 162, 'want to read', 0, '2024-04-24 22:09:00'),
(206, 34, 'finished', 100, '2024-01-08 14:40:00'),
(206, 22, 'want to read', 0, '2024-01-08 10:06:00'),
(206, 129, 'want to read', 0, '2024-02-05 06:41:00'),
(207, 107, 'want to read', 0, '2024-04-02 11:33:00'),
(207, 103, 'finished', 100, '2024-04-30 21:25:00'),
(207, 54, 'reading', 86, '2024-03-26 01:04:00'),
(208, 165, 'finished', 100, '2024-01-23 14:02:00'),
(208, 38, 'reading', 78, '2024-01-26 22:32:00'),
(208, 79, 'reading', 23, '2024-03-22 23:53:00'),
(209, 101, 'reading', 16, '2024-02-13 14:36:00'),
(209, 81, 'want to read', 0, '2024-01-12 18:59:00'),
(209, 180, 'reading', 12, '2024-01-15 02:11:00'),
(210, 58, 'want to read', 0, '2024-01-03 05:50:00'),
(210, 103, 'finished', 100, '2024-01-28 20:23:00'),
(210, 188, 'reading', 11, '2024-04-22 23:15:00'),
(211, 59, 'reading', 91, '2024-02-06 05:17:00'),
(211, 34, 'finished', 100, '2024-03-13 10:26:00'),
(211, 101, 'finished', 100, '2024-04-16 06:17:00'),
(211, 14, 'finished', 100, '2024-01-23 09:16:00'),
(212, 78, 'want to read', 0, '2024-02-16 11:49:00'),
(212, 24, 'want to read', 0, '2024-03-07 14:53:00'),
(212, 162, 'want to read', 0, '2024-03-28 05:02:00'),
(212, 112, 'want to read', 0, '2024-02-19 04:34:00'),
(213, 133, 'finished', 100, '2024-02-13 22:32:00'),
(213, 110, 'want to read', 0, '2024-04-16 23:50:00'),
(213, 84, 'reading', 12, '2024-03-06 06:16:00'),
(214, 156, 'finished', 100, '2024-03-07 21:40:00'),
(214, 77, 'finished', 100, '2024-03-01 04:29:00'),
(214, 9, 'want to read', 0, '2024-02-11 11:36:00'),
(215, 187, 'want to read', 0, '2024-02-15 00:10:00'),
(215, 9, 'reading', 61, '2024-02-12 10:41:00'),
(215, 104, 'finished', 100, '2024-01-24 11:19:00'),
(215, 27, 'finished', 100, '2024-02-29 17:11:00'),
(216, 134, 'want to read', 0, '2024-03-14 22:27:00'),
(216, 194, 'want to read', 0, '2024-02-21 15:53:00'),
(216, 153, 'finished', 100, '2024-02-02 23:23:00'),
(217, 160, 'finished', 100, '2024-04-07 16:06:00'),
(217, 124, 'reading', 55, '2024-04-09 08:36:00'),
(217, 87, 'reading', 76, '2024-01-04 05:32:00'),
(217, 11, 'finished', 100, '2024-04-28 09:56:00'),
(218, 182, 'want to read', 0, '2024-02-12 01:05:00'),
(218, 36, 'reading', 99, '2024-01-19 11:29:00'),
(218, 34, 'reading', 22, '2024-02-28 00:42:00'),
(219, 62, 'reading', 11, '2024-01-24 07:54:00'),
(219, 55, 'finished', 100, '2024-02-25 02:46:00'),
(219, 88, 'finished', 100, '2024-01-20 21:35:00'),
(220, 2, 'finished', 100, '2024-03-01 17:43:00'),
(220, 159, 'reading', 90, '2024-01-28 15:42:00'),
(220, 51, 'reading', 60, '2024-03-31 07:48:00'),
(220, 110, 'finished', 100, '2024-02-19 04:20:00'),
(221, 124, 'want to read', 0, '2024-04-03 13:38:00'),
(221, 105, 'reading', 69, '2024-01-10 11:31:00'),
(221, 83, 'want to read', 0, '2024-04-04 18:01:00'),
(222, 192, 'reading', 47, '2024-02-13 16:52:00'),
(222, 56, 'finished', 100, '2024-03-19 19:48:00'),
(222, 71, 'reading', 10, '2024-03-23 07:08:00'),
(223, 59, 'reading', 12, '2024-02-13 12:41:00'),
(223, 12, 'finished', 100, '2024-02-24 04:18:00'),
(223, 65, 'reading', 50, '2024-03-27 15:02:00'),
(223, 88, 'reading', 54, '2024-01-23 05:25:00'),
(224, 156, 'want to read', 0, '2024-04-03 03:41:00'),
(224, 22, 'reading', 2, '2024-01-21 10:08:00'),
(224, 110, 'want to read', 0, '2024-03-05 12:43:00'),
(225, 3, 'finished', 100, '2024-02-08 13:16:00'),
(225, 161, 'want to read', 0, '2024-03-22 03:38:00'),
(225, 124, 'reading', 65, '2024-02-17 15:45:00'),
(225, 130, 'reading', 69, '2024-02-16 03:50:00'),
(226, 130, 'want to read', 0, '2024-01-11 04:00:00'),
(226, 173, 'reading', 91, '2024-03-16 08:12:00'),
(226, 120, 'want to read', 0, '2024-04-14 19:46:00'),
(227, 133, 'finished', 100, '2024-01-16 15:29:00'),
(227, 13, 'reading', 7, '2024-04-23 19:43:00'),
(227, 155, 'reading', 33, '2024-02-24 10:43:00'),
(227, 83, 'reading', 99, '2024-04-14 00:34:00'),
(228, 56, 'finished', 100, '2024-02-27 10:19:00'),
(228, 86, 'want to read', 0, '2024-01-05 19:07:00'),
(228, 113, 'reading', 94, '2024-01-05 17:47:00'),
(228, 128, 'reading', 32, '2024-01-23 02:34:00'),
(229, 33, 'reading', 56, '2024-04-24 08:22:00'),
(229, 38, 'reading', 89, '2024-03-20 07:58:00'),
(229, 199, 'want to read', 0, '2024-04-15 16:36:00'),
(230, 11, 'finished', 100, '2024-01-19 19:46:00'),
(230, 20, 'want to read', 0, '2024-04-13 03:24:00'),
(230, 105, 'want to read', 0, '2024-04-02 02:21:00'),
(230, 117, 'want to read', 0, '2024-04-05 09:27:00'),
(231, 6, 'reading', 15, '2024-04-11 06:36:00'),
(231, 58, 'reading', 39, '2024-03-19 16:34:00'),
(231, 76, 'finished', 100, '2024-03-29 01:23:00'),
(231, 21, 'want to read', 0, '2024-03-01 06:48:00'),
(232, 81, 'want to read', 0, '2024-02-21 05:43:00'),
(232, 58, 'reading', 35, '2024-01-01 13:13:00'),
(232, 165, 'finished', 100, '2024-04-10 13:42:00'),
(232, 12, 'finished', 100, '2024-02-05 08:29:00'),
(233, 25, 'want to read', 0, '2024-02-11 07:04:00'),
(233, 67, 'want to read', 0, '2024-02-06 23:45:00'),
(233, 68, 'want to read', 0, '2024-04-15 14:37:00'),
(233, 5, 'reading', 82, '2024-03-17 10:34:00'),
(234, 158, 'reading', 41, '2024-02-14 14:09:00'),
(234, 179, 'reading', 96, '2024-03-04 06:34:00'),
(234, 4, 'want to read', 0, '2024-01-22 21:24:00'),
(234, 109, 'reading', 52, '2024-01-05 21:54:00'),
(235, 198, 'reading', 11, '2024-01-27 23:33:00'),
(235, 161, 'reading', 39, '2024-02-07 10:28:00'),
(235, 180, 'want to read', 0, '2024-02-29 00:09:00'),
(236, 196, 'reading', 54, '2024-04-07 00:48:00'),
(236, 112, 'reading', 72, '2024-04-05 15:15:00'),
(236, 181, 'reading', 69, '2024-01-17 12:38:00'),
(237, 25, 'finished', 100, '2024-01-15 18:18:00'),
(237, 123, 'finished', 100, '2024-04-20 05:49:00'),
(237, 66, 'want to read', 0, '2024-02-21 17:26:00'),
(238, 66, 'reading', 99, '2024-02-16 20:06:00'),
(238, 129, 'want to read', 0, '2024-04-23 21:40:00'),
(238, 190, 'want to read', 0, '2024-02-10 16:34:00'),
(238, 82, 'want to read', 0, '2024-02-20 07:54:00'),
(239, 163, 'finished', 100, '2024-04-28 05:25:00'),
(239, 155, 'reading', 1, '2024-03-09 10:48:00'),
(239, 84, 'reading', 84, '2024-01-23 21:58:00'),
(239, 152, 'finished', 100, '2024-02-19 18:41:00'),
(240, 129, 'finished', 100, '2024-03-20 07:08:00'),
(240, 127, 'want to read', 0, '2024-03-20 16:05:00'),
(240, 59, 'want to read', 0, '2024-03-14 23:26:00'),
(240, 199, 'finished', 100, '2024-02-11 19:15:00'),
(241, 182, 'want to read', 0, '2024-01-12 11:01:00'),
(241, 197, 'want to read', 0, '2024-03-17 20:24:00'),
(241, 157, 'want to read', 0, '2024-03-06 06:54:00'),
(242, 154, 'finished', 100, '2024-03-01 22:58:00'),
(242, 116, 'finished', 100, '2024-02-11 04:18:00'),
(242, 72, 'finished', 100, '2024-04-24 00:13:00'),
(243, 154, 'finished', 100, '2024-04-11 05:29:00'),
(243, 73, 'want to read', 0, '2024-03-23 03:51:00'),
(243, 191, 'want to read', 0, '2024-04-17 10:55:00'),
(243, 135, 'finished', 100, '2024-02-01 14:46:00'),
(244, 2, 'want to read', 0, '2024-03-01 12:04:00'),
(244, 9, 'reading', 34, '2024-04-23 22:34:00'),
(244, 126, 'finished', 100, '2024-04-01 19:41:00'),
(245, 134, 'reading', 51, '2024-04-16 23:49:00'),
(245, 160, 'finished', 100, '2024-02-16 12:45:00'),
(245, 16, 'want to read', 0, '2024-03-21 20:28:00'),
(246, 32, 'want to read', 0, '2024-04-06 03:46:00'),
(246, 27, 'finished', 100, '2024-02-16 13:42:00'),
(246, 38, 'reading', 19, '2024-04-26 07:50:00'),
(246, 78, 'reading', 27, '2024-02-03 03:21:00'),
(247, 154, 'reading', 44, '2024-02-07 22:28:00'),
(247, 162, 'reading', 58, '2024-03-30 08:36:00'),
(247, 73, 'reading', 77, '2024-01-05 04:09:00'),
(248, 7, 'reading', 92, '2024-02-07 09:45:00'),
(248, 67, 'finished', 100, '2024-03-13 20:19:00'),
(248, 116, 'reading', 92, '2024-02-26 21:18:00'),
(248, 181, 'finished', 100, '2024-04-05 22:08:00'),
(249, 192, 'reading', 82, '2024-01-30 00:54:00'),
(249, 85, 'finished', 100, '2024-03-15 09:09:00'),
(249, 120, 'want to read', 0, '2024-01-02 08:23:00'),
(250, 159, 'want to read', 0, '2024-01-20 18:54:00'),
(250, 195, 'want to read', 0, '2024-02-10 16:23:00'),
(250, 54, 'reading', 63, '2024-03-23 05:55:00'),
(250, 110, 'want to read', 0, '2024-03-02 05:30:00'),
(251, 4, 'reading', 27, '2024-01-29 04:17:00'),
(251, 17, 'want to read', 0, '2024-04-09 23:50:00'),
(251, 109, 'finished', 100, '2024-03-24 06:22:00'),
(251, 68, 'reading', 59, '2024-03-13 20:58:00'),
(252, 171, 'reading', 86, '2024-01-05 12:40:00'),
(252, 69, 'finished', 100, '2024-02-12 16:04:00'),
(252, 62, 'reading', 71, '2024-03-09 23:34:00'),
(253, 15, 'want to read', 0, '2024-02-01 07:16:00'),
(253, 151, 'want to read', 0, '2024-01-24 22:59:00'),
(253, 182, 'want to read', 0, '2024-04-19 07:14:00'),
(254, 56, 'want to read', 0, '2024-02-05 02:47:00'),
(254, 11, 'finished', 100, '2024-04-03 02:57:00'),
(254, 192, 'finished', 100, '2024-03-07 09:03:00'),
(254, 79, 'finished', 100, '2024-01-30 07:37:00'),
(255, 155, 'reading', 82, '2024-01-10 06:30:00'),
(255, 26, 'finished', 100, '2024-02-26 02:30:00'),
(255, 174, 'finished', 100, '2024-01-13 17:37:00'),
(255, 14, 'finished', 100, '2024-03-17 15:19:00'),
(256, 185, 'want to read', 0, '2024-04-23 14:49:00'),
(256, 132, 'want to read', 0, '2024-01-25 18:51:00'),
(256, 29, 'want to read', 0, '2024-03-19 14:00:00'),
(257, 126, 'want to read', 0, '2024-01-23 10:32:00'),
(257, 190, 'reading', 66, '2024-02-06 20:19:00'),
(257, 80, 'reading', 69, '2024-02-01 10:17:00'),
(257, 163, 'want to read', 0, '2024-03-12 16:19:00'),
(258, 29, 'reading', 66, '2024-03-01 15:10:00'),
(258, 57, 'finished', 100, '2024-01-09 13:43:00'),
(258, 161, 'reading', 13, '2024-04-28 14:21:00'),
(258, 2, 'want to read', 0, '2024-03-28 17:52:00'),
(259, 60, 'finished', 100, '2024-02-09 16:19:00'),
(259, 28, 'reading', 99, '2024-03-08 15:06:00'),
(259, 70, 'want to read', 0, '2024-02-08 19:13:00'),
(260, 104, 'reading', 22, '2024-04-19 05:39:00'),
(260, 51, 'want to read', 0, '2024-01-21 10:33:00'),
(260, 60, 'reading', 84, '2024-03-17 13:49:00'),
(261, 69, 'reading', 19, '2024-02-09 10:46:00'),
(261, 78, 'reading', 96, '2024-02-10 14:19:00'),
(261, 157, 'reading', 73, '2024-02-20 13:00:00'),
(261, 88, 'reading', 8, '2024-02-22 11:41:00'),
(262, 153, 'want to read', 0, '2024-01-26 06:42:00'),
(262, 81, 'want to read', 0, '2024-02-02 09:53:00'),
(262, 5, 'reading', 4, '2024-02-11 13:50:00'),
(263, 105, 'finished', 100, '2024-03-20 16:28:00'),
(263, 179, 'reading', 14, '2024-01-10 07:10:00'),
(263, 180, 'reading', 93, '2024-03-02 23:37:00'),
(263, 62, 'reading', 6, '2024-04-09 21:24:00'),
(264, 74, 'reading', 8, '2024-01-13 01:40:00'),
(264, 82, 'reading', 36, '2024-03-09 11:28:00'),
(264, 192, 'reading', 15, '2024-03-01 04:56:00'),
(264, 187, 'want to read', 0, '2024-01-10 10:49:00'),
(265, 39, 'finished', 100, '2024-03-12 02:28:00'),
(265, 187, 'finished', 100, '2024-02-11 18:34:00'),
(265, 87, 'want to read', 0, '2024-02-03 17:33:00'),
(265, 183, 'reading', 89, '2024-01-03 04:49:00'),
(266, 102, 'want to read', 0, '2024-04-23 06:11:00'),
(266, 114, 'reading', 60, '2024-01-30 14:23:00'),
(266, 151, 'reading', 26, '2024-03-27 22:16:00'),
(267, 191, 'want to read', 0, '2024-02-22 13:25:00'),
(267, 6, 'reading', 7, '2024-04-16 16:03:00'),
(267, 36, 'want to read', 0, '2024-02-17 00:36:00'),
(267, 31, 'reading', 5, '2024-03-05 10:50:00'),
(268, 83, 'finished', 100, '2024-04-04 02:36:00'),
(268, 184, 'finished', 100, '2024-03-12 03:34:00'),
(268, 107, 'finished', 100, '2024-04-12 16:54:00'),
(268, 199, 'finished', 100, '2024-03-14 14:39:00'),
(269, 19, 'reading', 58, '2024-04-23 23:09:00'),
(269, 132, 'want to read', 0, '2024-02-12 02:11:00'),
(269, 81, 'want to read', 0, '2024-03-14 10:29:00'),
(270, 6, 'finished', 100, '2024-03-20 12:01:00'),
(270, 124, 'finished', 100, '2024-01-29 10:27:00'),
(270, 184, 'finished', 100, '2024-02-03 07:37:00'),
(270, 86, 'want to read', 0, '2024-04-08 10:34:00'),
(271, 62, 'finished', 100, '2024-04-08 04:13:00'),
(271, 184, 'reading', 24, '2024-01-13 00:34:00'),
(271, 112, 'want to read', 0, '2024-04-30 01:49:00'),
(271, 40, 'finished', 100, '2024-03-10 11:04:00'),
(272, 102, 'reading', 21, '2024-02-24 08:14:00'),
(272, 69, 'finished', 100, '2024-04-08 11:01:00'),
(272, 64, 'finished', 100, '2024-04-22 14:07:00'),
(272, 62, 'reading', 4, '2024-02-26 23:54:00'),
(273, 119, 'reading', 52, '2024-01-26 06:49:00'),
(273, 13, 'reading', 76, '2024-04-14 03:05:00'),
(273, 151, 'finished', 100, '2024-03-05 18:46:00'),
(274, 52, 'reading', 95, '2024-03-18 11:47:00'),
(274, 64, 'reading', 54, '2024-01-25 06:05:00'),
(274, 31, 'want to read', 0, '2024-02-16 15:16:00'),
(275, 153, 'reading', 54, '2024-02-21 03:22:00'),
(275, 5, 'reading', 40, '2024-04-17 02:27:00'),
(275, 2, 'want to read', 0, '2024-02-08 07:44:00'),
(276, 121, 'reading', 94, '2024-03-23 10:02:00'),
(276, 157, 'finished', 100, '2024-04-18 07:11:00'),
(276, 5, 'want to read', 0, '2024-01-02 04:33:00'),
(277, 36, 'finished', 100, '2024-03-17 06:55:00'),
(277, 157, 'want to read', 0, '2024-03-25 09:23:00'),
(277, 10, 'want to read', 0, '2024-02-23 05:26:00'),
(278, 55, 'want to read', 0, '2024-04-13 21:11:00'),
(278, 169, 'reading', 15, '2024-04-10 05:01:00'),
(278, 39, 'reading', 27, '2024-02-09 12:40:00'),
(279, 78, 'finished', 100, '2024-02-12 00:56:00'),
(279, 196, 'reading', 5, '2024-04-04 04:58:00'),
(279, 104, 'reading', 6, '2024-03-10 12:48:00'),
(279, 8, 'want to read', 0, '2024-04-02 16:10:00'),
(280, 26, 'finished', 100, '2024-01-12 13:04:00'),
(280, 4, 'finished', 100, '2024-03-01 14:26:00'),
(280, 111, 'want to read', 0, '2024-02-26 04:54:00'),
(281, 101, 'reading', 17, '2024-02-11 21:34:00'),
(281, 158, 'reading', 79, '2024-03-26 22:06:00'),
(281, 157, 'reading', 64, '2024-04-05 18:12:00'),
(282, 67, 'finished', 100, '2024-01-29 21:05:00'),
(282, 168, 'want to read', 0, '2024-01-13 22:25:00'),
(282, 34, 'reading', 79, '2024-01-14 07:14:00'),
(283, 58, 'want to read', 0, '2024-03-16 16:33:00'),
(283, 88, 'want to read', 0, '2024-04-23 08:48:00'),
(283, 106, 'finished', 100, '2024-02-11 13:23:00'),
(283, 155, 'want to read', 0, '2024-01-19 18:47:00'),
(284, 120, 'finished', 100, '2024-01-24 00:09:00'),
(284, 198, 'want to read', 0, '2024-01-05 07:10:00'),
(284, 13, 'reading', 42, '2024-01-02 18:30:00'),
(285, 110, 'reading', 58, '2024-01-28 14:39:00'),
(285, 59, 'reading', 70, '2024-02-26 03:47:00'),
(285, 197, 'reading', 84, '2024-04-08 16:59:00'),
(285, 184, 'reading', 44, '2024-04-24 05:16:00'),
(286, 161, 'want to read', 0, '2024-04-19 10:48:00'),
(286, 177, 'want to read', 0, '2024-02-03 02:50:00'),
(286, 153, 'reading', 55, '2024-03-23 00:34:00'),
(286, 25, 'finished', 100, '2024-01-13 07:29:00'),
(287, 31, 'finished', 100, '2024-04-21 11:19:00'),
(287, 177, 'reading', 56, '2024-03-11 02:55:00'),
(287, 86, 'want to read', 0, '2024-01-24 12:52:00'),
(288, 37, 'finished', 100, '2024-04-03 23:22:00'),
(288, 67, 'want to read', 0, '2024-03-17 04:36:00'),
(288, 5, 'want to read', 0, '2024-03-08 01:51:00'),
(289, 175, 'reading', 21, '2024-01-13 21:10:00'),
(289, 69, 'want to read', 0, '2024-03-22 19:14:00'),
(289, 172, 'want to read', 0, '2024-01-20 17:39:00'),
(289, 53, 'reading', 26, '2024-02-05 01:25:00'),
(290, 121, 'reading', 42, '2024-01-18 23:19:00'),
(290, 170, 'finished', 100, '2024-01-10 08:45:00'),
(290, 129, 'want to read', 0, '2024-03-26 09:13:00'),
(290, 158, 'want to read', 0, '2024-03-19 19:04:00'),
(291, 127, 'reading', 21, '2024-04-07 07:25:00'),
(291, 36, 'finished', 100, '2024-03-23 13:25:00'),
(291, 37, 'want to read', 0, '2024-01-25 07:53:00'),
(292, 19, 'reading', 16, '2024-04-02 23:37:00'),
(292, 68, 'want to read', 0, '2024-01-20 06:28:00'),
(292, 81, 'finished', 100, '2024-03-27 08:48:00'),
(292, 36, 'reading', 2, '2024-03-22 03:33:00'),
(293, 171, 'reading', 30, '2024-03-25 14:19:00'),
(293, 27, 'finished', 100, '2024-03-10 23:39:00'),
(293, 197, 'reading', 20, '2024-01-10 23:21:00'),
(293, 190, 'reading', 6, '2024-02-18 08:07:00'),
(294, 131, 'reading', 29, '2024-03-07 03:05:00'),
(294, 186, 'want to read', 0, '2024-03-18 19:55:00'),
(294, 54, 'reading', 31, '2024-04-21 21:31:00'),
(294, 161, 'want to read', 0, '2024-02-25 13:03:00'),
(295, 82, 'want to read', 0, '2024-03-06 10:26:00'),
(295, 81, 'want to read', 0, '2024-04-17 08:22:00'),
(295, 75, 'finished', 100, '2024-01-02 03:45:00'),
(296, 73, 'want to read', 0, '2024-02-25 21:17:00'),
(296, 186, 'finished', 100, '2024-04-09 22:31:00'),
(296, 163, 'want to read', 0, '2024-03-18 18:24:00'),
(296, 67, 'want to read', 0, '2024-03-07 21:24:00'),
(297, 191, 'want to read', 0, '2024-01-13 18:06:00'),
(297, 28, 'finished', 100, '2024-04-07 07:23:00'),
(297, 188, 'want to read', 0, '2024-03-27 22:57:00'),
(298, 122, 'reading', 74, '2024-04-20 16:02:00'),
(298, 11, 'reading', 81, '2024-04-05 13:42:00'),
(298, 110, 'finished', 100, '2024-01-28 18:11:00'),
(298, 134, 'finished', 100, '2024-03-21 10:06:00'),
(299, 127, 'reading', 88, '2024-02-14 11:15:00'),
(299, 8, 'reading', 58, '2024-04-10 01:20:00'),
(299, 153, 'reading', 90, '2024-03-22 08:49:00'),
(299, 75, 'finished', 100, '2024-01-27 17:49:00'),
(300, 124, 'finished', 100, '2024-02-12 11:39:00'),
(300, 111, 'want to read', 0, '2024-04-04 07:20:00'),
(300, 55, 'reading', 13, '2024-04-27 23:05:00'),
(300, 164, 'want to read', 0, '2024-02-21 10:39:00'),
(301, 200, 'reading', 91, '2024-03-03 11:21:00'),
(301, 58, 'reading', 47, '2024-04-06 05:10:00'),
(301, 119, 'reading', 3, '2024-01-15 06:37:00'),
(301, 62, 'reading', 65, '2024-03-30 20:35:00'),
(302, 180, 'want to read', 0, '2024-03-30 02:12:00'),
(302, 174, 'finished', 100, '2024-01-12 22:38:00'),
(302, 56, 'want to read', 0, '2024-02-21 08:09:00'),
(302, 123, 'want to read', 0, '2024-02-13 17:22:00'),
(303, 35, 'want to read', 0, '2024-03-13 02:20:00'),
(303, 120, 'finished', 100, '2024-02-26 01:15:00'),
(303, 27, 'want to read', 0, '2024-01-20 21:17:00'),
(303, 86, 'finished', 100, '2024-03-04 07:53:00'),
(304, 73, 'want to read', 0, '2024-04-13 06:09:00'),
(304, 68, 'finished', 100, '2024-02-07 07:01:00'),
(304, 134, 'want to read', 0, '2024-03-02 14:26:00'),
(305, 127, 'want to read', 0, '2024-02-21 20:36:00'),
(305, 58, 'reading', 96, '2024-02-03 22:50:00'),
(305, 169, 'reading', 34, '2024-02-25 11:23:00'),
(306, 103, 'finished', 100, '2024-03-29 04:20:00'),
(306, 175, 'want to read', 0, '2024-02-01 17:37:00'),
(306, 113, 'finished', 100, '2024-01-13 16:45:00'),
(307, 174, 'finished', 100, '2024-04-02 11:45:00'),
(307, 102, 'want to read', 0, '2024-03-23 17:52:00'),
(307, 27, 'finished', 100, '2024-02-29 08:36:00'),
(307, 191, 'finished', 100, '2024-02-28 19:28:00'),
(308, 188, 'finished', 100, '2024-03-12 14:35:00'),
(308, 133, 'want to read', 0, '2024-01-08 11:30:00'),
(308, 17, 'want to read', 0, '2024-01-19 02:43:00'),
(308, 54, 'reading', 9, '2024-04-02 08:36:00'),
(309, 8, 'want to read', 0, '2024-04-07 04:25:00'),
(309, 190, 'finished', 100, '2024-03-25 14:19:00'),
(309, 162, 'want to read', 0, '2024-03-30 21:19:00'),
(309, 132, 'reading', 30, '2024-03-13 16:26:00'),
(310, 175, 'finished', 100, '2024-03-19 01:45:00'),
(310, 187, 'reading', 76, '2024-01-16 02:39:00'),
(310, 102, 'finished', 100, '2024-03-08 13:46:00'),
(311, 60, 'finished', 100, '2024-04-16 05:01:00'),
(311, 74, 'want to read', 0, '2024-04-28 15:46:00'),
(311, 190, 'finished', 100, '2024-02-12 02:06:00'),
(312, 183, 'want to read', 0, '2024-03-01 04:54:00'),
(312, 121, 'reading', 24, '2024-01-13 09:22:00'),
(312, 126, 'finished', 100, '2024-03-31 13:56:00'),
(312, 119, 'reading', 64, '2024-01-12 05:16:00'),
(313, 62, 'finished', 100, '2024-02-13 14:48:00'),
(313, 69, 'finished', 100, '2024-03-08 08:01:00'),
(313, 111, 'want to read', 0, '2024-01-08 17:03:00'),
(313, 199, 'want to read', 0, '2024-02-17 03:10:00'),
(314, 172, 'reading', 50, '2024-02-09 00:51:00'),
(314, 4, 'want to read', 0, '2024-03-13 11:54:00'),
(314, 2, 'finished', 100, '2024-01-23 06:40:00'),
(315, 57, 'finished', 100, '2024-04-21 21:58:00'),
(315, 174, 'finished', 100, '2024-03-17 11:36:00'),
(315, 66, 'finished', 100, '2024-04-24 14:45:00'),
(315, 110, 'finished', 100, '2024-03-05 04:52:00'),
(316, 8, 'finished', 100, '2024-04-13 09:59:00'),
(316, 196, 'reading', 14, '2024-02-14 21:11:00'),
(316, 10, 'want to read', 0, '2024-03-07 05:57:00'),
(316, 174, 'finished', 100, '2024-03-04 06:38:00'),
(317, 193, 'want to read', 0, '2024-03-11 12:50:00'),
(317, 108, 'reading', 15, '2024-03-26 17:04:00'),
(317, 153, 'reading', 32, '2024-02-16 04:15:00'),
(318, 59, 'finished', 100, '2024-04-27 15:51:00'),
(318, 125, 'want to read', 0, '2024-03-31 18:06:00'),
(318, 11, 'want to read', 0, '2024-01-12 21:41:00'),
(318, 113, 'reading', 68, '2024-03-13 18:44:00'),
(319, 176, 'finished', 100, '2024-02-27 06:18:00'),
(319, 62, 'want to read', 0, '2024-02-24 12:27:00'),
(319, 83, 'reading', 11, '2024-03-03 00:31:00'),
(319, 104, 'finished', 100, '2024-02-11 17:30:00'),
(320, 89, 'want to read', 0, '2024-04-16 01:12:00'),
(320, 164, 'finished', 100, '2024-02-09 18:47:00'),
(320, 84, 'want to read', 0, '2024-03-10 05:41:00'),
(320, 15, 'reading', 95, '2024-01-07 17:01:00'),
(321, 88, 'reading', 69, '2024-01-07 21:55:00'),
(321, 120, 'reading', 95, '2024-03-06 16:54:00'),
(321, 59, 'finished', 100, '2024-03-06 11:43:00'),
(322, 65, 'finished', 100, '2024-04-24 07:45:00'),
(322, 26, 'reading', 10, '2024-04-01 06:31:00'),
(322, 154, 'finished', 100, '2024-03-14 20:39:00'),
(323, 12, 'want to read', 0, '2024-01-15 09:00:00'),
(323, 119, 'finished', 100, '2024-03-25 10:11:00'),
(323, 63, 'reading', 30, '2024-02-17 12:02:00'),
(324, 37, 'want to read', 0, '2024-03-26 08:56:00'),
(324, 190, 'reading', 88, '2024-03-14 22:55:00'),
(324, 74, 'want to read', 0, '2024-02-09 06:56:00'),
(325, 126, 'reading', 36, '2024-04-17 06:52:00'),
(325, 3, 'reading', 33, '2024-03-17 00:40:00'),
(325, 128, 'want to read', 0, '2024-02-20 01:44:00'),
(325, 127, 'reading', 17, '2024-03-25 22:14:00'),
(326, 200, 'reading', 9, '2024-01-24 17:20:00'),
(326, 30, 'finished', 100, '2024-04-30 23:16:00'),
(326, 51, 'want to read', 0, '2024-04-01 22:25:00'),
(327, 174, 'reading', 14, '2024-04-07 03:25:00'),
(327, 84, 'finished', 100, '2024-01-12 17:54:00'),
(327, 83, 'reading', 26, '2024-01-17 16:02:00'),
(327, 182, 'reading', 62, '2024-01-14 03:14:00'),
(328, 121, 'want to read', 0, '2024-04-13 02:15:00'),
(328, 58, 'reading', 79, '2024-02-17 14:47:00'),
(328, 22, 'finished', 100, '2024-02-26 19:49:00'),
(329, 165, 'want to read', 0, '2024-02-10 01:36:00'),
(329, 59, 'finished', 100, '2024-01-20 10:55:00'),
(329, 64, 'reading', 23, '2024-02-14 14:12:00'),
(330, 122, 'reading', 65, '2024-01-09 07:11:00'),
(330, 119, 'want to read', 0, '2024-01-25 10:42:00'),
(330, 40, 'want to read', 0, '2024-02-26 00:55:00'),
(331, 18, 'reading', 72, '2024-01-21 04:35:00'),
(331, 73, 'reading', 8, '2024-01-15 21:04:00'),
(331, 191, 'reading', 67, '2024-03-09 00:39:00'),
(331, 172, 'want to read', 0, '2024-01-22 23:59:00'),
(332, 116, 'want to read', 0, '2024-01-30 00:24:00'),
(332, 10, 'finished', 100, '2024-03-13 01:52:00'),
(332, 37, 'reading', 99, '2024-03-13 03:54:00'),
(332, 27, 'finished', 100, '2024-04-07 20:02:00'),
(333, 6, 'want to read', 0, '2024-02-19 09:43:00'),
(333, 158, 'want to read', 0, '2024-02-19 14:58:00'),
(333, 183, 'want to read', 0, '2024-01-31 21:31:00'),
(334, 110, 'finished', 100, '2024-02-28 17:56:00'),
(334, 199, 'reading', 29, '2024-01-19 09:40:00'),
(334, 153, 'want to read', 0, '2024-01-23 12:16:00'),
(334, 159, 'finished', 100, '2024-02-17 23:01:00'),
(335, 87, 'reading', 91, '2024-04-22 17:54:00'),
(335, 37, 'finished', 100, '2024-02-21 04:53:00'),
(335, 11, 'want to read', 0, '2024-02-15 06:25:00'),
(335, 154, 'reading', 54, '2024-02-28 23:28:00'),
(336, 121, 'reading', 86, '2024-02-21 04:46:00'),
(336, 155, 'want to read', 0, '2024-01-27 07:13:00'),
(336, 115, 'want to read', 0, '2024-01-25 18:12:00'),
(336, 108, 'want to read', 0, '2024-03-25 19:23:00'),
(337, 177, 'finished', 100, '2024-02-20 04:30:00'),
(337, 126, 'finished', 100, '2024-03-10 20:28:00'),
(337, 117, 'reading', 80, '2024-02-22 01:12:00'),
(337, 89, 'finished', 100, '2024-02-13 17:56:00'),
(338, 120, 'finished', 100, '2024-04-30 14:01:00'),
(338, 169, 'want to read', 0, '2024-01-27 12:36:00'),
(338, 132, 'want to read', 0, '2024-01-23 08:47:00'),
(339, 124, 'finished', 100, '2024-02-22 10:29:00'),
(339, 184, 'finished', 100, '2024-04-21 23:08:00'),
(339, 61, 'reading', 41, '2024-03-19 19:33:00'),
(340, 25, 'finished', 100, '2024-01-02 01:21:00'),
(340, 17, 'finished', 100, '2024-02-10 11:12:00'),
(340, 22, 'want to read', 0, '2024-01-20 06:19:00'),
(341, 114, 'want to read', 0, '2024-04-25 14:30:00'),
(341, 196, 'reading', 91, '2024-01-23 09:19:00'),
(341, 102, 'finished', 100, '2024-04-12 17:10:00'),
(342, 52, 'want to read', 0, '2024-04-26 19:26:00'),
(342, 128, 'finished', 100, '2024-03-12 17:40:00'),
(342, 31, 'reading', 90, '2024-02-05 22:54:00'),
(343, 30, 'finished', 100, '2024-04-06 01:08:00'),
(343, 38, 'reading', 61, '2024-02-18 15:10:00'),
(343, 135, 'finished', 100, '2024-03-16 22:52:00'),
(344, 134, 'reading', 3, '2024-03-03 21:36:00'),
(344, 186, 'reading', 44, '2024-01-11 11:04:00'),
(344, 183, 'finished', 100, '2024-01-18 19:19:00'),
(344, 57, 'want to read', 0, '2024-02-20 04:07:00');

INSERT INTO BookGenres (book_id, genre_id) VALUES
(1, 16),
(1, 1),
(1, 12),
(2, 3),
(2, 19),
(2, 12),
(3, 6),
(3, 13),
(3, 7),
(4, 18),
(5, 20),
(6, 9),
(6, 18),
(7, 17),
(7, 13),
(8, 7),
(9, 9),
(9, 11),
(9, 7),
(10, 9),
(10, 13),
(11, 10),
(12, 1),
(12, 15),
(13, 17),
(13, 13),
(13, 7),
(14, 4),
(15, 13),
(16, 7),
(17, 19),
(18, 10),
(18, 7),
(18, 20),
(19, 15),
(19, 2),
(20, 8),
(20, 19),
(20, 9),
(21, 17),
(22, 10),
(23, 7),
(24, 11),
(25, 16),
(26, 13),
(26, 11),
(26, 15),
(27, 20),
(27, 6),
(28, 16),
(28, 18),
(29, 10),
(29, 8),
(29, 3),
(30, 4),
(30, 1),
(30, 19),
(31, 2),
(31, 1),
(31, 9),
(32, 10),
(33, 13),
(33, 19),
(34, 4),
(35, 12),
(36, 7),
(37, 12),
(37, 3),
(38, 14),
(38, 1),
(39, 2),
(39, 4),
(40, 5),
(40, 9),
(51, 7),
(51, 4),
(52, 1),
(52, 16),
(52, 6),
(53, 4),
(54, 8),
(55, 19),
(55, 18),
(56, 9),
(56, 1),
(57, 19),
(57, 16),
(57, 3),
(58, 5),
(58, 7),
(58, 3),
(59, 13),
(59, 1),
(60, 16),
(61, 15),
(61, 14),
(62, 1),
(63, 2),
(63, 3),
(63, 9),
(64, 10),
(64, 16),
(64, 7),
(65, 1),
(65, 9),
(66, 8),
(67, 15),
(67, 1),
(67, 2),
(68, 14),
(68, 18),
(68, 16),
(69, 2),
(70, 12),
(70, 3),
(71, 12),
(71, 15),
(71, 16),
(72, 6),
(72, 12),
(72, 19),
(73, 18),
(73, 20),
(73, 5),
(74, 12),
(74, 14),
(75, 19),
(76, 12),
(76, 15),
(77, 10),
(77, 5),
(78, 16),
(78, 18),
(78, 14),
(79, 14),
(79, 3),
(80, 9),
(80, 5),
(80, 11),
(81, 15),
(81, 20),
(82, 6),
(82, 2),
(82, 11),
(83, 5),
(83, 11),
(83, 18),
(84, 6),
(84, 19),
(84, 5),
(85, 13),
(86, 14),
(87, 17),
(88, 2),
(88, 17),
(88, 4),
(89, 1),
(89, 9),
(89, 18),
(101, 6),
(101, 8),
(101, 11),
(102, 4),
(102, 11),
(103, 12),
(103, 18),
(103, 13),
(104, 13),
(104, 8),
(104, 12),
(105, 14),
(105, 4),
(105, 8),
(106, 15),
(106, 5),
(106, 7),
(107, 1),
(107, 17),
(107, 4),
(108, 5),
(108, 3),
(109, 10),
(109, 8),
(109, 13),
(110, 7),
(110, 18),
(111, 4),
(111, 7),
(111, 1),
(112, 1),
(113, 4),
(113, 7),
(114, 3),
(115, 9),
(116, 4),
(116, 14),
(117, 13),
(117, 1),
(118, 20),
(118, 10),
(118, 11),
(119, 12),
(119, 7),
(120, 14),
(120, 19),
(121, 20),
(121, 19),
(122, 16),
(123, 16),
(124, 12),
(124, 1),
(125, 16),
(125, 13),
(126, 4),
(126, 14),
(126, 12),
(127, 16),
(127, 1),
(127, 13),
(128, 16),
(129, 16),
(130, 18),
(130, 3),
(131, 8),
(132, 4),
(132, 15),
(132, 13),
(133, 11),
(133, 8),
(133, 16),
(134, 11),
(135, 18),
(135, 15),
(151, 20),
(152, 4),
(152, 1),
(153, 5),
(153, 19),
(153, 1),
(154, 15),
(154, 3),
(154, 17),
(155, 15),
(156, 19),
(156, 13),
(157, 2),
(157, 9),
(157, 4),
(158, 17),
(158, 16),
(158, 6),
(159, 10),
(159, 6),
(160, 10),
(161, 11),
(161, 14),
(161, 4),
(162, 5),
(162, 3),
(162, 7),
(163, 16),
(163, 8),
(164, 13),
(165, 6),
(165, 13),
(165, 2),
(166, 6),
(166, 8),
(167, 19),
(167, 16),
(168, 15),
(169, 4),
(169, 20),
(169, 6),
(170, 5),
(171, 20),
(171, 19),
(171, 1),
(172, 16),
(172, 12),
(173, 14),
(173, 1),
(173, 17),
(174, 12),
(174, 18),
(174, 4),
(175, 16),
(175, 2),
(176, 14),
(176, 18),
(177, 14),
(177, 3),
(177, 19),
(178, 9),
(179, 12),
(179, 16),
(179, 13),
(180, 8),
(180, 5),
(180, 4),
(181, 6),
(182, 19),
(183, 7),
(184, 18),
(184, 12),
(185, 9),
(185, 16),
(185, 3),
(186, 6),
(186, 19),
(186, 14),
(187, 18),
(188, 8),
(189, 5),
(190, 5),
(190, 13),
(191, 12),
(192, 17),
(193, 4),
(194, 9),
(194, 19),
(194, 17),
(195, 10),
(196, 11),
(197, 16),
(198, 7),
(199, 16),
(199, 20),
(199, 19),
(200, 4);

INSERT INTO BookAwards (book_id, award_id, year_won) VALUES
(130, 11, 2015),
(130, 13, 2024),
(53, 15, 2019),
(53, 9, 2023),
(71, 13, 2015),
(71, 10, 2006),
(5, 3, 2021),
(5, 9, 1998),
(61, 4, 1994),
(191, 14, 1997),
(191, 5, 2016),
(20, 7, 2013),
(20, 5, 1991),
(18, 8, 1991),
(18, 4, 2003),
(26, 13, 1999),
(26, 11, 2018),
(79, 11, 2009),
(56, 4, 1991),
(56, 3, 2004),
(173, 5, 2015),
(173, 8, 2019),
(32, 6, 2019),
(32, 4, 1998),
(155, 1, 1999),
(155, 4, 1996),
(178, 6, 2012),
(178, 1, 2019),
(116, 15, 2017),
(116, 11, 1994),
(190, 6, 2022),
(190, 14, 2020),
(40, 15, 2020),
(189, 6, 2011),
(58, 5, 2022),
(73, 1, 1996),
(3, 12, 2007),
(105, 1, 2022),
(54, 11, 2023),
(80, 1, 2015),
(80, 8, 2011),
(168, 6, 2010),
(168, 10, 2008),
(6, 1, 2023),
(6, 13, 1997),
(165, 13, 2017),
(165, 8, 2022),
(166, 11, 2022),
(15, 3, 2014),
(122, 11, 2018),
(122, 12, 2007),
(35, 3, 2002),
(199, 10, 2014),
(13, 7, 1992),
(13, 4, 1992),
(157, 1, 2002),
(157, 3, 2016),
(183, 7, 1999),
(34, 9, 2006),
(34, 10, 2003),
(31, 2, 2000),
(132, 5, 2020),
(88, 4, 2019),
(128, 15, 2021),
(181, 2, 2019),
(84, 10, 2013),
(84, 12, 2020),
(170, 10, 2011),
(170, 9, 2010),
(36, 11, 2023),
(70, 13, 2005),
(70, 10, 2004),
(188, 7, 2020),
(69, 6, 2009),
(69, 9, 2021),
(23, 1, 2009),
(23, 10, 2006),
(112, 14, 1999),
(171, 14, 2004),
(113, 8, 1999),
(154, 12, 2024),
(21, 7, 2015),
(21, 12, 2016),
(103, 5, 2005),
(103, 2, 2000),
(161, 15, 1994),
(161, 11, 2010),
(118, 7, 2015),
(174, 3, 2020),
(174, 7, 1991),
(9, 6, 2009),
(9, 2, 2005),
(59, 15, 2015),
(59, 8, 2003),
(193, 7, 2005),
(193, 14, 2008),
(1, 10, 2000),
(37, 3, 2010),
(37, 10, 2014),
(153, 2, 1995),
(78, 13, 1990);

INSERT INTO Friendships (user_id1, user_id2, friendship_date) VALUES
(1, 5, '2024-12-09 12:13:00'),
(1, 15, '2024-05-09 17:21:00'),
(1, 59, '2022-10-23 10:46:00'),
(1, 90, '2023-12-10 10:56:00'),
(2, 17, '2023-10-28 14:24:00'),
(2, 49, '2024-11-28 18:17:00'),
(2, 88, '2024-10-15 12:46:00'),
(3, 21, '2022-10-08 11:26:00'),
(3, 27, '2022-10-26 11:24:00'),
(3, 76, '2024-04-22 20:17:00'),
(4, 48, '2022-02-19 21:51:00'),
(4, 50, '2024-02-16 18:07:00'),
(4, 86, '2022-03-02 17:06:00'),
(4, 87, '2023-05-13 15:31:00'),
(4, 94, '2023-02-03 10:52:00'),
(5, 8, '2022-05-06 20:56:00'),
(5, 34, '2022-05-03 19:29:00'),
(5, 57, '2024-06-06 15:10:00'),
(5, 84, '2022-06-21 22:48:00'),
(6, 20, '2023-05-09 16:21:00'),
(6, 38, '2022-10-16 12:17:00'),
(6, 62, '2024-08-20 08:26:00'),
(6, 75, '2023-01-18 12:12:00'),
(6, 98, '2022-02-06 08:12:00'),
(7, 100, '2022-01-29 15:50:00'),
(8, 10, '2023-12-14 12:41:00'),
(8, 60, '2023-07-19 21:30:00'),
(8, 77, '2023-04-05 15:12:00'),
(8, 78, '2023-11-28 08:18:00'),
(8, 99, '2024-01-10 14:25:00'),
(9, 22, '2022-02-05 20:15:00'),
(9, 30, '2024-11-09 18:59:00'),
(9, 36, '2024-06-16 22:08:00'),
(9, 63, '2024-09-22 14:14:00'),
(10, 21, '2024-04-24 16:47:00'),
(10, 84, '2023-11-02 14:06:00'),
(10, 92, '2022-09-10 21:33:00'),
(10, 100, '2023-03-12 09:11:00'),
(11, 35, '2022-11-11 14:06:00'),
(11, 49, '2022-07-21 15:50:00'),
(11, 49, '2024-12-05 12:44:00'),
(11, 76, '2024-12-22 16:58:00'),
(12, 27, '2023-12-16 22:22:00'),
(12, 81, '2024-07-20 16:29:00'),
(13, 27, '2023-07-23 08:27:00'),
(13, 41, '2022-08-08 11:57:00'),
(13, 68, '2024-04-06 08:04:00'),
(13, 81, '2022-09-11 16:03:00'),
(13, 97, '2023-08-03 12:51:00'),
(14, 17, '2023-09-20 19:48:00'),
(14, 21, '2022-05-29 09:43:00'),
(14, 35, '2022-11-19 11:04:00'),
(14, 77, '2022-10-02 15:39:00'),
(14, 87, '2024-12-21 22:11:00'),
(15, 40, '2022-04-21 11:47:00'),
(15, 69, '2022-11-02 08:20:00'),
(17, 40, '2024-09-08 14:58:00'),
(17, 42, '2023-05-08 22:03:00'),
(17, 64, '2024-03-13 12:53:00'),
(17, 72, '2022-08-02 12:49:00'),
(18, 22, '2024-04-17 09:17:00'),
(18, 45, '2024-06-24 09:27:00'),
(18, 91, '2023-07-11 17:12:00'),
(19, 79, '2024-08-24 17:12:00'),
(19, 87, '2024-01-01 09:24:00'),
(20, 43, '2024-01-01 15:48:00'),
(20, 45, '2024-10-06 11:27:00'),
(20, 57, '2022-09-09 11:26:00'),
(21, 90, '2022-03-31 11:29:00'),
(22, 26, '2024-09-29 21:13:00'),
(22, 28, '2023-01-30 10:52:00'),
(22, 46, '2023-07-20 21:21:00'),
(22, 58, '2023-03-24 13:06:00'),
(22, 61, '2024-02-08 19:02:00'),
(22, 72, '2023-03-29 19:13:00'),
(22, 93, '2022-03-16 12:00:00'),
(23, 28, '2023-04-30 17:07:00'),
(23, 59, '2022-07-11 13:59:00'),
(24, 64, '2022-04-07 22:07:00'),
(25, 67, '2024-02-14 19:48:00'),
(25, 78, '2023-05-09 08:30:00'),
(26, 71, '2022-01-14 22:53:00'),
(27, 30, '2023-02-09 10:18:00'),
(27, 32, '2023-09-06 21:43:00'),
(27, 44, '2024-10-28 17:14:00'),
(27, 45, '2022-07-03 16:09:00'),
(27, 99, '2022-02-25 14:09:00'),
(28, 37, '2024-06-30 12:20:00'),
(28, 38, '2022-02-11 11:25:00'),
(28, 73, '2022-02-25 19:06:00'),
(28, 83, '2023-10-24 11:02:00'),
(28, 91, '2022-02-13 18:17:00'),
(28, 95, '2024-11-01 10:04:00'),
(29, 45, '2022-06-14 19:48:00'),
(29, 77, '2024-10-22 16:11:00'),
(29, 96, '2022-04-03 19:11:00'),
(30, 59, '2023-10-21 13:42:00'),
(31, 59, '2022-03-06 09:46:00'),
(31, 86, '2023-04-08 17:08:00'),
(32, 48, '2024-06-03 10:44:00'),
(32, 56, '2023-12-09 18:21:00'),
(32, 82, '2022-05-10 21:57:00'),
(32, 88, '2023-08-04 21:38:00'),
(32, 98, '2022-11-22 15:24:00'),
(34, 44, '2022-10-06 21:11:00'),
(34, 70, '2022-12-25 18:53:00'),
(35, 36, '2024-12-23 22:59:00'),
(35, 99, '2024-06-09 11:44:00'),
(36, 68, '2022-11-19 21:38:00'),
(36, 93, '2023-11-07 22:28:00'),
(37, 52, '2022-06-06 10:11:00'),
(37, 53, '2022-03-28 13:24:00'),
(37, 74, '2024-07-08 14:11:00'),
(37, 93, '2023-04-08 11:25:00'),
(38, 51, '2022-10-30 17:42:00'),
(38, 75, '2024-01-26 13:34:00'),
(38, 97, '2023-11-23 11:31:00'),
(39, 100, '2024-08-10 22:05:00'),
(40, 90, '2024-12-28 21:07:00'),
(41, 80, '2023-03-31 20:09:00'),
(41, 93, '2022-10-04 08:33:00'),
(41, 96, '2023-01-04 16:56:00'),
(42, 100, '2023-03-24 12:57:00'),
(43, 44, '2022-04-01 14:31:00'),
(43, 71, '2022-06-21 13:33:00'),
(43, 79, '2022-06-01 11:34:00'),
(44, 94, '2022-10-13 20:26:00'),
(48, 75, '2023-01-18 14:50:00'),
(48, 87, '2022-03-04 09:20:00'),
(48, 90, '2022-12-04 20:47:00'),
(49, 56, '2022-07-01 13:46:00'),
(49, 76, '2023-01-25 15:51:00'),
(49, 90, '2024-01-31 08:50:00'),
(50, 79, '2022-11-03 13:20:00'),
(51, 66, '2023-08-22 12:10:00'),
(51, 84, '2022-06-24 16:52:00'),
(52, 63, '2024-10-02 16:58:00'),
(53, 66, '2024-08-18 08:32:00'),
(53, 81, '2024-06-09 15:01:00'),
(53, 85, '2022-01-22 22:11:00'),
(54, 87, '2022-08-18 16:08:00'),
(54, 90, '2023-03-14 14:23:00'),
(54, 96, '2022-06-07 09:16:00'),
(55, 98, '2024-11-29 19:06:00'),
(56, 98, '2022-08-27 19:08:00'),
(57, 69, '2024-04-09 14:36:00'),
(60, 73, '2022-03-25 21:24:00'),
(61, 66, '2024-10-17 22:59:00'),
(62, 82, '2023-03-02 11:26:00'),
(63, 73, '2022-02-04 20:39:00'),
(63, 80, '2024-07-31 17:22:00'),
(64, 69, '2022-05-13 08:17:00'),
(64, 83, '2022-10-03 14:41:00'),
(65, 69, '2023-06-14 21:41:00'),
(65, 73, '2022-01-11 12:40:00'),
(65, 85, '2024-12-10 22:00:00'),
(67, 99, '2022-07-01 21:55:00'),
(68, 84, '2022-05-12 14:17:00'),
(68, 88, '2024-02-12 13:30:00'),
(69, 88, '2022-05-15 10:44:00'),
(70, 88, '2023-08-28 19:10:00'),
(71, 84, '2023-09-22 14:19:00'),
(71, 87, '2022-11-21 08:15:00'),
(72, 93, '2024-12-18 14:13:00'),
(72, 98, '2024-01-25 19:46:00'),
(74, 82, '2024-03-09 10:22:00'),
(74, 93, '2022-08-11 16:18:00'),
(75, 98, '2023-04-15 19:43:00'),
(76, 80, '2022-09-08 14:46:00'),
(76, 87, '2023-08-19 16:36:00'),
(76, 95, '2024-08-20 14:19:00'),
(77, 95, '2023-07-19 13:46:00'),
(77, 100, '2024-01-25 11:35:00'),
(78, 88, '2022-04-28 21:18:00'),
(78, 90, '2023-05-05 11:58:00'),
(78, 95, '2023-05-07 15:17:00'),
(79, 99, '2023-12-29 11:53:00'),
(81, 93, '2023-02-11 11:37:00'),
(84, 94, '2024-10-31 15:48:00'),
(90, 97, '2022-09-24 16:34:00'),
(94, 97, '2024-01-22 18:01:00'),
(96, 97, '2024-04-14 19:02:00'),
(96, 98, '2024-05-23 20:54:00');

INSERT INTO Ratings (user_id, book_id, rating, rating_date) VALUES
(1, 113, 4, '2023-04-06 09:24:00'),
(1, 181, 5, '2022-07-03 10:39:00'),
(1, 193, 3, '2023-07-06 16:12:00'),
(2, 116, 5, '2023-06-28 11:17:00'),
(2, 77, 2, '2023-07-29 17:47:00'),
(3, 73, 1, '2023-04-23 20:34:00'),
(3, 14, 1, '2023-03-01 16:32:00'),
(3, 38, 1, '2023-01-31 19:24:00'),
(4, 80, 5, '2023-08-17 22:48:00'),
(4, 67, 1, '2022-04-16 15:41:00'),
(4, 30, 3, '2024-03-01 18:58:00'),
(4, 109, 2, '2023-11-01 17:05:00'),
(5, 1, 1, '2022-04-28 16:03:00'),
(5, 62, 5, '2022-06-09 15:40:00'),
(5, 151, 3, '2022-02-13 16:56:00'),
(6, 63, 5, '2023-10-07 17:02:00'),
(6, 8, 5, '2023-10-18 22:54:00'),
(7, 153, 4, '2022-06-03 17:10:00'),
(7, 51, 5, '2023-03-01 17:11:00'),
(8, 86, 1, '2023-11-08 22:01:00'),
(8, 87, 4, '2022-05-31 17:32:00'),
(8, 171, 5, '2022-12-14 18:11:00'),
(8, 105, 4, '2023-10-09 13:05:00'),
(9, 129, 1, '2023-03-10 18:43:00'),
(9, 175, 1, '2024-01-07 18:56:00'),
(10, 29, 4, '2023-02-06 11:00:00'),
(10, 54, 5, '2022-02-03 17:08:00'),
(10, 157, 1, '2022-09-03 18:07:00'),
(11, 15, 4, '2022-07-19 19:57:00'),
(11, 199, 3, '2022-10-15 13:13:00'),
(11, 55, 3, '2023-09-02 15:40:00'),
(12, 58, 4, '2022-01-07 10:11:00'),
(12, 75, 1, '2024-01-24 20:18:00'),
(12, 107, 2, '2022-11-02 11:42:00'),
(12, 170, 3, '2022-08-09 15:38:00'),
(13, 186, 2, '2022-08-17 16:23:00'),
(13, 24, 2, '2022-01-10 11:35:00'),
(14, 182, 1, '2022-09-13 18:24:00'),
(14, 152, 4, '2022-01-01 11:58:00'),
(14, 125, 3, '2022-09-06 15:20:00'),
(15, 89, 3, '2022-12-30 12:44:00'),
(15, 11, 4, '2022-09-19 17:48:00'),
(16, 173, 3, '2024-03-08 13:43:00'),
(16, 134, 1, '2022-09-06 22:25:00'),
(17, 80, 1, '2022-12-27 22:45:00'),
(17, 167, 5, '2023-04-08 16:15:00'),
(17, 176, 5, '2023-01-14 13:45:00'),
(17, 38, 4, '2023-02-25 11:12:00'),
(18, 70, 1, '2023-01-26 15:51:00'),
(18, 131, 4, '2023-09-11 21:39:00'),
(19, 126, 2, '2023-01-17 18:19:00'),
(19, 83, 5, '2023-05-12 22:56:00'),
(19, 186, 2, '2022-05-19 20:03:00'),
(19, 19, 3, '2022-07-10 18:33:00'),
(20, 58, 5, '2023-09-27 11:00:00'),
(20, 53, 4, '2023-03-03 15:04:00'),
(20, 127, 4, '2023-08-06 18:26:00'),
(21, 59, 4, '2023-09-17 18:58:00'),
(21, 110, 5, '2023-11-05 22:09:00'),
(22, 191, 3, '2024-02-09 17:47:00'),
(22, 177, 4, '2023-02-14 17:32:00'),
(22, 74, 4, '2023-12-29 16:28:00'),
(22, 66, 5, '2022-07-11 14:58:00'),
(23, 4, 2, '2022-09-18 17:11:00'),
(23, 88, 1, '2023-06-20 22:51:00'),
(23, 32, 3, '2023-09-15 22:15:00'),
(24, 105, 5, '2023-06-25 20:12:00'),
(24, 62, 5, '2022-03-28 11:08:00'),
(25, 3, 1, '2022-10-24 13:03:00'),
(25, 8, 4, '2023-02-13 11:53:00'),
(25, 2, 5, '2024-01-12 20:04:00'),
(26, 69, 5, '2022-03-14 12:19:00'),
(26, 9, 1, '2022-01-18 12:33:00'),
(26, 83, 5, '2023-05-23 14:09:00'),
(27, 176, 5, '2023-09-20 17:27:00'),
(27, 157, 3, '2023-11-19 15:19:00'),
(27, 34, 2, '2024-01-31 21:42:00'),
(27, 9, 2, '2022-10-31 09:21:00'),
(28, 39, 2, '2022-12-11 22:14:00'),
(28, 15, 1, '2023-08-07 16:27:00'),
(28, 169, 4, '2023-09-16 21:06:00'),
(28, 57, 5, '2022-09-25 17:57:00'),
(29, 124, 1, '2023-10-27 22:23:00'),
(29, 33, 4, '2023-07-01 11:56:00'),
(29, 182, 1, '2022-03-29 16:42:00'),
(29, 176, 3, '2022-09-09 19:59:00'),
(30, 151, 4, '2023-02-23 10:59:00'),
(30, 194, 5, '2023-03-17 18:21:00'),
(31, 40, 3, '2022-09-11 21:19:00'),
(31, 85, 4, '2022-09-21 10:45:00'),
(31, 2, 2, '2022-11-22 12:04:00'),
(32, 60, 4, '2022-04-10 09:03:00'),
(32, 160, 4, '2023-05-17 16:12:00'),
(32, 195, 2, '2022-03-17 16:22:00'),
(32, 102, 1, '2022-08-20 15:05:00'),
(33, 56, 5, '2024-02-02 22:37:00'),
(33, 12, 5, '2024-01-10 10:37:00'),
(33, 38, 2, '2023-06-13 16:12:00'),
(33, 107, 2, '2023-04-16 09:12:00'),
(34, 58, 3, '2023-04-05 13:35:00'),
(34, 86, 5, '2022-01-01 21:17:00'),
(34, 101, 4, '2023-03-18 09:28:00'),
(35, 173, 3, '2022-03-09 09:44:00'),
(35, 128, 4, '2023-02-28 14:04:00'),
(35, 33, 5, '2022-03-15 21:30:00'),
(35, 68, 1, '2023-12-06 17:54:00'),
(36, 23, 2, '2023-07-06 18:22:00'),
(36, 160, 1, '2022-10-02 14:24:00'),
(36, 72, 2, '2022-09-19 09:38:00'),
(37, 179, 5, '2022-01-02 14:22:00'),
(37, 112, 5, '2024-01-30 10:46:00'),
(38, 25, 3, '2024-01-06 21:39:00'),
(38, 104, 4, '2023-11-17 14:15:00'),
(38, 152, 5, '2023-11-14 10:58:00'),
(38, 77, 4, '2022-02-18 19:31:00'),
(39, 1, 1, '2023-08-25 12:57:00'),
(39, 13, 1, '2024-01-05 13:20:00'),
(39, 83, 3, '2022-05-01 17:17:00'),
(40, 74, 5, '2022-06-03 11:05:00'),
(40, 191, 5, '2022-01-25 19:13:00'),
(41, 119, 2, '2023-06-11 14:58:00'),
(41, 122, 5, '2023-07-22 15:43:00'),
(41, 52, 3, '2023-10-06 20:47:00'),
(41, 11, 1, '2023-11-07 16:34:00'),
(42, 4, 2, '2023-09-15 20:21:00'),
(42, 39, 1, '2023-01-27 13:44:00'),
(42, 122, 4, '2023-12-28 18:13:00'),
(42, 104, 2, '2024-01-10 12:21:00'),
(43, 128, 2, '2023-09-12 16:19:00'),
(43, 34, 3, '2022-01-22 17:58:00'),
(43, 62, 5, '2022-02-24 21:49:00'),
(43, 15, 4, '2023-05-15 09:32:00'),
(44, 191, 5, '2022-06-22 09:43:00'),
(44, 179, 1, '2023-09-06 20:39:00'),
(44, 160, 1, '2023-07-08 22:46:00'),
(44, 11, 3, '2022-08-16 10:05:00'),
(45, 38, 4, '2022-04-13 10:21:00'),
(45, 121, 5, '2022-10-10 17:21:00'),
(46, 13, 2, '2022-07-10 19:07:00'),
(46, 109, 1, '2023-09-01 19:25:00'),
(46, 52, 1, '2022-10-30 16:51:00'),
(46, 124, 2, '2022-05-31 09:20:00'),
(47, 190, 1, '2023-05-03 16:17:00'),
(47, 157, 3, '2023-12-30 13:18:00'),
(48, 15, 2, '2022-03-23 16:48:00'),
(48, 173, 1, '2022-10-24 15:47:00'),
(48, 36, 1, '2023-09-25 18:21:00'),
(49, 73, 4, '2023-02-01 15:08:00'),
(49, 184, 4, '2022-07-04 12:20:00'),
(49, 80, 5, '2023-01-20 09:23:00'),
(49, 129, 2, '2022-01-14 11:47:00'),
(50, 19, 1, '2022-05-13 14:31:00'),
(50, 173, 5, '2023-04-05 09:13:00'),
(50, 88, 4, '2023-06-14 15:03:00'),
(51, 14, 1, '2023-02-10 15:15:00'),
(51, 122, 4, '2022-01-09 14:02:00'),
(51, 71, 2, '2024-01-19 17:56:00'),
(52, 23, 1, '2023-10-01 17:37:00'),
(52, 199, 1, '2022-01-12 22:13:00'),
(52, 131, 5, '2022-02-14 18:07:00'),
(52, 79, 2, '2022-03-02 21:47:00'),
(53, 200, 2, '2023-01-09 11:01:00'),
(53, 8, 5, '2022-09-26 14:10:00'),
(54, 62, 4, '2023-12-14 18:23:00'),
(54, 154, 2, '2022-04-25 18:41:00'),
(54, 116, 2, '2023-02-06 09:03:00'),
(54, 182, 5, '2024-01-04 17:27:00'),
(55, 35, 3, '2023-05-20 13:42:00'),
(55, 155, 3, '2022-09-21 21:17:00'),
(56, 188, 3, '2024-02-05 17:38:00'),
(56, 36, 3, '2023-12-12 13:59:00'),
(56, 12, 3, '2022-08-19 17:05:00'),
(56, 103, 1, '2023-07-25 09:40:00'),
(57, 31, 3, '2023-10-07 14:33:00'),
(57, 177, 2, '2022-10-18 22:54:00'),
(57, 189, 3, '2024-02-20 14:25:00'),
(57, 121, 4, '2022-06-10 22:10:00'),
(58, 116, 5, '2023-05-22 09:20:00'),
(58, 39, 4, '2023-01-25 09:15:00'),
(58, 32, 4, '2022-04-16 21:26:00'),
(58, 163, 2, '2022-11-14 17:27:00'),
(59, 151, 3, '2023-04-05 22:40:00'),
(59, 3, 2, '2024-02-15 15:57:00'),
(60, 5, 3, '2024-03-29 10:23:00'),
(60, 34, 5, '2023-01-09 09:04:00'),
(60, 61, 3, '2022-07-23 19:00:00'),
(61, 134, 1, '2023-03-10 16:51:00'),
(61, 69, 1, '2022-11-20 15:03:00'),
(62, 171, 1, '2023-01-18 11:11:00'),
(62, 134, 3, '2022-11-06 10:13:00'),
(62, 183, 2, '2023-08-28 14:19:00'),
(63, 182, 4, '2022-09-28 20:47:00'),
(63, 78, 3, '2022-08-07 10:43:00'),
(63, 15, 3, '2023-12-13 16:37:00'),
(64, 103, 1, '2023-08-10 20:05:00'),
(64, 154, 5, '2023-10-15 18:34:00'),
(65, 133, 5, '2022-08-08 15:21:00'),
(65, 87, 4, '2022-05-07 17:15:00'),
(65, 125, 2, '2022-11-27 20:38:00'),
(66, 78, 4, '2023-02-10 17:00:00'),
(66, 197, 3, '2023-12-05 16:03:00'),
(66, 180, 2, '2022-09-06 20:44:00'),
(67, 158, 3, '2022-09-08 22:00:00'),
(67, 23, 1, '2023-08-01 11:10:00'),
(67, 175, 1, '2023-09-10 14:27:00'),
(68, 72, 2, '2023-12-08 20:38:00'),
(68, 66, 4, '2022-08-06 21:43:00'),
(68, 59, 2, '2022-08-04 18:55:00'),
(69, 85, 2, '2023-07-29 11:20:00'),
(69, 77, 2, '2024-02-21 11:52:00'),
(69, 11, 4, '2023-04-17 15:39:00'),
(70, 58, 4, '2022-08-31 18:59:00'),
(70, 77, 2, '2022-08-18 20:34:00'),
(70, 53, 3, '2023-10-30 11:02:00'),
(70, 134, 2, '2022-09-02 19:11:00'),
(71, 184, 3, '2023-12-07 09:04:00'),
(71, 25, 4, '2023-09-24 12:14:00'),
(72, 169, 3, '2022-05-22 12:19:00'),
(72, 82, 4, '2023-11-07 10:38:00'),
(73, 171, 4, '2022-12-06 22:20:00'),
(73, 39, 1, '2022-12-03 22:17:00'),
(73, 192, 3, '2022-05-10 15:03:00'),
(73, 3, 4, '2022-11-28 15:36:00'),
(74, 192, 5, '2022-08-15 10:01:00'),
(74, 196, 1, '2024-01-04 22:25:00'),
(74, 18, 3, '2022-09-09 12:43:00'),
(74, 62, 2, '2022-07-08 21:48:00'),
(75, 197, 4, '2023-04-06 16:29:00'),
(75, 39, 2, '2022-07-28 10:26:00'),
(75, 33, 5, '2023-12-18 09:25:00'),
(76, 87, 4, '2022-01-04 12:35:00'),
(76, 159, 3, '2022-02-23 12:24:00'),
(76, 8, 1, '2022-12-10 18:20:00'),
(77, 196, 3, '2022-05-19 19:18:00'),
(77, 165, 1, '2024-01-16 22:02:00'),
(78, 158, 4, '2022-10-04 09:43:00'),
(78, 87, 4, '2023-04-30 21:48:00'),
(78, 14, 3, '2023-06-03 11:27:00'),
(78, 34, 4, '2023-03-07 11:23:00'),
(79, 1, 1, '2022-09-08 20:25:00'),
(79, 132, 2, '2023-06-05 19:22:00'),
(79, 51, 4, '2024-03-25 13:26:00'),
(79, 4, 1, '2022-10-17 18:28:00'),
(80, 102, 5, '2022-08-02 10:33:00'),
(80, 189, 2, '2023-08-25 20:49:00'),
(80, 161, 5, '2023-11-27 16:47:00'),
(81, 175, 3, '2023-09-06 20:32:00'),
(81, 82, 4, '2022-02-05 18:47:00'),
(81, 190, 5, '2022-11-19 22:20:00'),
(81, 20, 1, '2022-10-16 18:44:00'),
(82, 64, 3, '2022-08-10 11:08:00'),
(82, 37, 2, '2023-08-28 13:57:00'),
(82, 128, 4, '2022-04-14 11:06:00'),
(82, 133, 2, '2024-01-06 17:37:00'),
(83, 173, 5, '2022-10-23 17:59:00'),
(83, 20, 3, '2022-08-22 13:01:00'),
(83, 27, 1, '2023-12-18 10:11:00'),
(83, 106, 4, '2023-03-24 20:44:00'),
(84, 36, 5, '2023-06-28 20:58:00'),
(84, 60, 3, '2023-05-25 13:11:00'),
(85, 52, 5, '2023-12-14 16:04:00'),
(85, 109, 5, '2024-03-03 17:33:00'),
(85, 123, 2, '2022-05-12 12:28:00'),
(85, 155, 5, '2023-10-21 17:41:00'),
(86, 15, 3, '2022-03-11 15:33:00'),
(86, 106, 1, '2023-01-29 20:04:00'),
(86, 176, 2, '2023-12-16 20:16:00'),
(87, 116, 5, '2023-09-06 17:55:00'),
(87, 124, 3, '2023-02-05 09:48:00'),
(87, 89, 3, '2023-06-12 15:43:00'),
(87, 156, 4, '2023-10-01 13:36:00'),
(88, 60, 1, '2023-09-28 22:58:00'),
(88, 175, 4, '2022-06-07 12:25:00'),
(88, 72, 1, '2022-02-21 22:34:00'),
(89, 183, 4, '2022-03-27 15:25:00'),
(89, 37, 2, '2022-01-08 10:26:00'),
(90, 113, 5, '2023-02-21 13:21:00'),
(90, 103, 4, '2023-11-13 17:25:00'),
(90, 152, 3, '2022-12-02 21:48:00'),
(91, 163, 2, '2022-09-18 16:27:00'),
(91, 112, 3, '2022-01-06 09:03:00'),
(91, 26, 4, '2023-06-21 16:21:00'),
(92, 128, 1, '2023-01-01 10:26:00'),
(92, 172, 4, '2022-12-28 13:20:00'),
(92, 34, 1, '2022-06-07 11:57:00'),
(92, 85, 3, '2022-11-06 13:04:00'),
(93, 187, 1, '2022-05-28 21:54:00'),
(93, 193, 2, '2022-07-26 17:26:00'),
(93, 157, 5, '2023-03-13 09:32:00'),
(93, 86, 2, '2022-11-22 22:30:00'),
(94, 17, 1, '2022-09-09 15:12:00'),
(94, 152, 1, '2023-09-30 13:51:00'),
(95, 40, 4, '2022-03-04 11:02:00'),
(95, 65, 3, '2024-01-19 09:34:00'),
(95, 168, 5, '2024-01-24 17:14:00'),
(96, 192, 1, '2022-08-06 13:42:00'),
(96, 82, 5, '2022-01-13 18:49:00'),
(97, 200, 4, '2023-09-03 16:55:00'),
(97, 17, 5, '2023-05-14 11:53:00'),
(97, 192, 3, '2022-12-11 11:35:00'),
(98, 29, 4, '2023-09-17 13:33:00'),
(98, 64, 1, '2022-11-02 14:58:00'),
(98, 114, 1, '2023-04-21 12:22:00'),
(99, 162, 1, '2023-08-10 14:31:00'),
(99, 87, 2, '2023-08-10 13:43:00'),
(99, 167, 1, '2022-12-11 18:53:00'),
(100, 177, 1, '2022-06-22 20:39:00'),
(100, 12, 3, '2022-10-04 11:41:00'),
(100, 36, 1, '2024-03-31 12:05:00'),
(100, 132, 3, '2023-06-28 18:48:00');

INSERT INTO ChallengeParticipation (user_id, challenge_id, date_joined, state) VALUES
(1, 6, '2023-03-01 16:57:00', 'Won'),
(3, 20, '2024-01-18 14:26:00', 'In Progress'),
(4, 1, '2023-06-10 19:25:00', 'Failed'),
(4, 5, '2023-05-23 10:51:00', 'Failed'),
(6, 5, '2023-03-10 18:44:00', 'Failed'),
(8, 2, '2023-02-07 11:46:00', 'In Progress'),
(9, 8, '2023-08-04 15:22:00', 'In Progress'),
(11, 15, '2023-11-11 09:20:00', 'Won'),
(13, 4, '2023-05-31 08:39:00', 'Won'),
(13, 9, '2023-05-06 20:54:00', 'In Progress'),
(14, 13, '2023-07-04 14:56:00', 'In Progress'),
(15, 13, '2023-02-26 16:24:00', 'Won'),
(15, 2, '2024-01-20 10:24:00', 'Won'),
(16, 12, '2024-01-12 18:24:00', 'Failed'),
(17, 12, '2023-10-26 20:10:00', 'In Progress'),
(18, 15, '2023-07-12 21:56:00', 'Won'),
(20, 1, '2023-04-21 21:50:00', 'Failed'),
(21, 1, '2023-04-02 19:51:00', 'In Progress'),
(23, 7, '2024-03-01 20:17:00', 'In Progress'),
(24, 9, '2023-07-24 15:09:00', 'Won'),
(24, 18, '2023-10-02 11:36:00', 'Won'),
(25, 8, '2023-04-30 09:16:00', 'Failed'),
(27, 3, '2023-07-11 18:30:00', 'Won'),
(28, 5, '2023-02-17 09:16:00', 'In Progress'),
(28, 12, '2023-10-29 15:33:00', 'In Progress'),
(29, 11, '2023-04-20 09:08:00', 'Failed'),
(34, 14, '2023-08-06 09:32:00', 'Won'),
(35, 12, '2023-09-15 08:03:00', 'Won'),
(36, 16, '2023-05-05 09:19:00', 'Won'),
(41, 14, '2023-03-29 18:06:00', 'Failed'),
(43, 3, '2023-10-08 15:06:00', 'Won'),
(44, 17, '2023-06-13 14:19:00', 'Won'),
(45, 2, '2023-07-28 18:35:00', 'In Progress'),
(47, 19, '2023-05-06 20:46:00', 'Won'),
(47, 7, '2023-05-15 10:45:00', 'In Progress'),
(52, 14, '2023-11-28 19:21:00', 'Failed'),
(52, 11, '2023-01-10 18:20:00', 'Failed'),
(58, 16, '2023-01-19 09:20:00', 'Won'),
(60, 5, '2023-01-10 09:55:00', 'In Progress'),
(61, 7, '2023-03-14 10:08:00', 'Failed'),
(61, 17, '2023-05-23 08:02:00', 'Failed'),
(63, 5, '2023-12-07 10:03:00', 'In Progress'),
(63, 6, '2023-03-13 18:01:00', 'Won'),
(64, 20, '2024-01-23 08:54:00', 'Won'),
(65, 9, '2023-10-01 12:13:00', 'Won'),
(71, 7, '2023-05-05 19:38:00', 'Won'),
(71, 6, '2024-03-02 21:26:00', 'In Progress'),
(76, 10, '2023-11-09 15:27:00', 'In Progress'),
(78, 14, '2023-08-08 11:17:00', 'Won'),
(80, 12, '2023-08-12 20:29:00', 'In Progress'),
(80, 8, '2023-08-31 18:57:00', 'Failed'),
(82, 18, '2023-11-23 18:23:00', 'Won'),
(83, 8, '2023-07-02 14:53:00', 'In Progress'),
(87, 12, '2023-10-16 21:04:00', 'Won'),
(87, 11, '2024-01-27 14:10:00', 'In Progress'),
(89, 2, '2023-11-14 14:26:00', 'In Progress'),
(91, 12, '2023-04-23 11:25:00', 'Failed'),
(92, 6, '2023-05-28 15:49:00', 'Failed'),
(94, 14, '2024-01-04 13:42:00', 'Won'),
(96, 14, '2023-03-07 20:40:00', 'Failed'),
(97, 11, '2024-01-18 11:09:00', 'Won'),
(98, 13, '2023-10-31 10:19:00', 'Won'),
(98, 16, '2023-09-01 09:10:00', 'In Progress'),
(99, 14, '2024-01-17 18:35:00', 'Failed'),
(99, 7, '2023-06-15 12:13:00', 'Failed');

INSERT INTO GiveawayWins (user_id, giveaway_id, win_date) VALUES
(1, 14, '2023-05-07'),
(2, 1, '2023-07-31'),
(3, 13, '2024-01-10'),
(4, 10, '2023-10-17'),
(6, 20, '2023-11-08'),
(7, 18, '2024-02-08'),
(8, 14, '2023-02-19'),
(11, 3, '2023-07-21'),
(12, 7, '2023-12-22'),
(16, 16, '2023-07-14'),
(19, 1, '2023-05-21'),
(19, 4, '2023-10-02'),
(20, 16, '2024-05-05'),
(21, 1, '2023-10-12'),
(22, 13, '2023-10-21'),
(24, 10, '2024-02-06'),
(25, 10, '2024-02-05'),
(26, 13, '2023-04-05'),
(30, 6, '2023-07-18'),
(31, 10, '2024-01-20'),
(31, 12, '2023-07-27'),
(33, 20, '2023-08-24'),
(33, 4, '2023-03-13'),
(34, 19, '2024-03-16'),
(35, 10, '2023-04-21'),
(36, 9, '2024-03-09'),
(36, 17, '2023-12-07'),
(38, 6, '2023-11-25'),
(40, 10, '2023-08-24'),
(41, 15, '2023-12-11'),
(43, 18, '2023-04-25'),
(50, 19, '2023-01-15'),
(52, 8, '2023-10-18'),
(53, 19, '2023-01-18'),
(54, 3, '2023-04-10'),
(59, 16, '2023-12-03'),
(60, 18, '2023-02-21'),
(62, 18, '2023-02-15'),
(62, 9, '2024-01-08'),
(66, 2, '2023-02-07'),
(67, 18, '2023-02-23'),
(70, 19, '2023-12-06'),
(71, 1, '2023-01-25'),
(72, 2, '2023-09-29'),
(73, 14, '2024-03-12'),
(76, 2, '2024-03-24'),
(77, 8, '2023-05-30'),
(79, 7, '2023-09-14'),
(80, 11, '2023-06-04'),
(81, 5, '2023-01-31'),
(85, 19, '2023-12-10'),
(87, 19, '2023-04-16'),
(88, 2, '2023-02-10'),
(91, 3, '2023-03-01'),
(92, 4, '2023-12-16'),
(93, 1, '2023-06-05'),
(95, 6, '2023-10-12'),
(96, 10, '2023-02-17'),
(98, 10, '2023-03-11'),
(99, 7, '2023-08-12');

INSERT INTO BookRecommendations (user_id, book_id, reason) VALUES
(1, 116, 'Beautifully written and thought-provoking.'),
(1, 162, 'Captivating from start to finish.'),
(1, 119, 'Perfect for fans of suspense and twists.'),
(2, 19, 'Relatable characters and emotional depth.'),
(2, 72, 'Incredible world-building and plot.'),
(2, 178, 'Highly inspirational and motivational.'),
(3, 194, 'Captivating from start to finish.'),
(3, 29, 'Relatable characters and emotional depth.'),
(4, 84, 'A must-read classic that changed my perspective.'),
(4, 54, 'Relatable characters and emotional depth.'),
(4, 74, 'I couldn/t put it down!'),
(5, 13, 'Perfect for fans of suspense and twists.'),
(5, 20, 'Relatable characters and emotional depth.'),
(6, 66, 'Incredible world-building and plot.'),
(6, 106, 'Captivating from start to finish.'),
(7, 132, 'Relatable characters and emotional depth.'),
(7, 58, 'Captivating from start to finish.'),
(7, 121, 'Unique narrative style and unforgettable ending.'),
(8, 110, 'A must-read classic that changed my perspective.'),
(8, 108, 'I couldn''t put it down!'),
(9, 164, 'Beautifully written and thought-provoking.'),
(10, 1, 'A must-read classic that changed my perspective.'),
(11, 115, 'Relatable characters and emotional depth.'),
(11, 83, 'Highly inspirational and motivational.'),
(11, 161, 'Unique narrative style and unforgettable ending.'),
(12, 194, 'Unique narrative style and unforgettable ending.'),
(12, 81, 'I couldn''t put it down!'),
(12, 170, 'Captivating from start to finish.'),
(13, 191, 'Unique narrative style and unforgettable ending.'),
(13, 83, 'Perfect for fans of suspense and twists.'),
(14, 8, 'I couldn''t put it down!'),
(15, 188, 'I couldn''t put it down!'),
(16, 152, 'Captivating from start to finish.'),
(16, 111, 'Perfect for fans of suspense and twists.'),
(17, 115, 'Beautifully written and thought-provoking.'),
(17, 166, 'A must-read classic that changed my perspective.'),
(18, 151, 'Relatable characters and emotional depth.'),
(19, 40, 'Captivating from start to finish.'),
(19, 121, 'A must-read classic that changed my perspective.'),
(20, 114, 'Incredible world-building and plot.'),
(20, 125, 'Beautifully written and thought-provoking.'),
(20, 115, 'Captivating from start to finish.'),
(21, 158, 'Incredible world-building and plot.'),
(22, 11, 'Beautifully written and thought-provoking.'),
(22, 22, 'Relatable characters and emotional depth.'),
(22, 86, 'Perfect for fans of suspense and twists.'),
(23, 118, 'Unique narrative style and unforgettable ending.'),
(24, 129, 'Incredible world-building and plot.'),
(24, 57, 'Unique narrative style and unforgettable ending.'),
(24, 77, 'Highly inspirational and motivational.'),
(25, 2, 'Incredible world-building and plot.'),
(26, 127, 'Incredible world-building and plot.'),
(26, 126, 'Beautifully written and thought-provoking.'),
(26, 175, 'Relatable characters and emotional depth.'),
(27, 35, 'A must-read classic that changed my perspective.'),
(27, 174, 'Incredible world-building and plot.'),
(28, 126, 'Perfect for fans of suspense and twists.'),
(28, 54, 'Unique narrative style and unforgettable ending.'),
(29, 29, 'A must-read classic that changed my perspective.'),
(29, 32, 'A must-read classic that changed my perspective.'),
(29, 111, 'Perfect for fans of suspense and twists.'),
(30, 178, 'A must-read classic that changed my perspective.'),
(31, 55, 'Unique narrative style and unforgettable ending.'),
(32, 83, 'Incredible world-building and plot.'),
(33, 82, 'A must-read classic that changed my perspective.'),
(33, 157, 'Unique narrative style and unforgettable ending.'),
(33, 105, 'Perfect for fans of suspense and twists.'),
(34, 192, 'Beautifully written and thought-provoking.'),
(34, 188, 'Incredible world-building and plot.'),
(35, 80, 'Relatable characters and emotional depth.'),
(36, 178, 'Beautifully written and thought-provoking.'),
(37, 191, 'Perfect for fans of suspense and twists.'),
(37, 30, 'I couldn''t put it down!'),
(38, 30, 'Perfect for fans of suspense and twists.'),
(39, 8, 'Perfect for fans of suspense and twists.'),
(39, 102, 'I couldn''t put it down!'),
(40, 38, 'Unique narrative style and unforgettable ending.'),
(40, 53, 'A must-read classic that changed my perspective.'),
(41, 133, 'Beautifully written and thought-provoking.'),
(42, 200, 'I couldn''t put it down!'),
(43, 179, 'Highly inspirational and motivational.'),
(43, 11, 'Unique narrative style and unforgettable ending.'),
(44, 8, 'A must-read classic that changed my perspective.'),
(45, 5, 'Beautifully written and thought-provoking.'),
(45, 19, 'Relatable characters and emotional depth.'),
(45, 7, 'Beautifully written and thought-provoking.'),
(46, 106, 'Relatable characters and emotional depth.'),
(46, 73, 'I couldn''t put it down!'),
(46, 88, 'A must-read classic that changed my perspective.'),
(47, 25, 'Highly inspirational and motivational.'),
(47, 78, 'Unique narrative style and unforgettable ending.'),
(47, 84, 'Captivating from start to finish.'),
(48, 84, 'A must-read classic that changed my perspective.'),
(48, 197, 'Unique narrative style and unforgettable ending.'),
(49, 55, 'Relatable characters and emotional depth.'),
(50, 167, 'Perfect for fans of suspense and twists.'),
(50, 179, 'Incredible world-building and plot.'),
(50, 193, 'Captivating from start to finish.'),
(51, 110, 'Highly inspirational and motivational.'),
(52, 7, 'Unique narrative style and unforgettable ending.'),
(52, 69, 'Relatable characters and emotional depth.'),
(52, 155, 'A must-read classic that changed my perspective.'),
(53, 67, 'Highly inspirational and motivational.'),
(54, 72, 'Incredible world-building and plot.'),
(54, 125, 'I couldn''t put it down!'),
(55, 178, 'I couldn''t put it down!'),
(55, 104, 'Highly inspirational and motivational.'),
(56, 188, 'Beautifully written and thought-provoking.'),
(56, 183, 'Incredible world-building and plot.'),
(57, 82, 'Incredible world-building and plot.'),
(57, 58, 'Captivating from start to finish.'),
(57, 184, 'Captivating from start to finish.'),
(58, 200, 'I couldn''t put it down!'),
(58, 13, 'A must-read classic that changed my perspective.'),
(58, 87, 'Unique narrative style and unforgettable ending.'),
(59, 176, 'Captivating from start to finish.'),
(59, 131, 'Relatable characters and emotional depth.'),
(59, 4, 'Incredible world-building and plot.'),
(60, 106, 'Highly inspirational and motivational.'),
(60, 129, 'Perfect for fans of suspense and twists.'),
(61, 152, 'Beautifully written and thought-provoking.'),
(62, 135, 'Relatable characters and emotional depth.'),
(62, 12, 'Captivating from start to finish.'),
(63, 37, 'Captivating from start to finish.'),
(63, 135, 'Relatable characters and emotional depth.'),
(64, 129, 'Unique narrative style and unforgettable ending.'),
(65, 87, 'Unique narrative style and unforgettable ending.'),
(66, 36, 'I couldn''t put it down!'),
(67, 199, 'Incredible world-building and plot.'),
(68, 82, 'Captivating from start to finish.'),
(68, 60, 'A must-read classic that changed my perspective.'),
(68, 159, 'Captivating from start to finish.'),
(69, 79, 'Highly inspirational and motivational.'),
(69, 88, 'Highly inspirational and motivational.'),
(70, 104, 'Incredible world-building and plot.'),
(71, 83, 'A must-read classic that changed my perspective.'),
(71, 58, 'Beautifully written and thought-provoking.'),
(71, 72, 'A must-read classic that changed my perspective.'),
(72, 88, 'Unique narrative style and unforgettable ending.'),
(73, 9, 'Beautifully written and thought-provoking.'),
(74, 153, 'A must-read classic that changed my perspective.'),
(75, 29, 'I couldn''t put it down!'),
(75, 106, 'Perfect for fans of suspense and twists.'),
(76, 190, 'I couldn''t put it down!'),
(76, 28, 'Unique narrative style and unforgettable ending.'),
(77, 102, 'Beautifully written and thought-provoking.'),
(77, 154, 'Incredible world-building and plot.'),
(78, 55, 'Captivating from start to finish.'),
(78, 164, 'Incredible world-building and plot.'),
(79, 82, 'A must-read classic that changed my perspective.'),
(80, 152, 'Perfect for fans of suspense and twists.'),
(80, 16, 'Perfect for fans of suspense and twists.'),
(81, 37, 'I couldn''t put it down!'),
(82, 190, 'A must-read classic that changed my perspective.'),
(82, 85, 'Perfect for fans of suspense and twists.'),
(82, 113, 'Relatable characters and emotional depth.'),
(83, 200, 'A must-read classic that changed my perspective.'),
(83, 174, 'Unique narrative style and unforgettable ending.'),
(84, 68, 'Beautifully written and thought-provoking.'),
(84, 12, 'Incredible world-building and plot.'),
(85, 191, 'Captivating from start to finish.'),
(86, 58, 'Relatable characters and emotional depth.'),
(86, 195, 'Highly inspirational and motivational.'),
(87, 26, 'Highly inspirational and motivational.'),
(88, 51, 'A must-read classic that changed my perspective.'),
(88, 190, 'A must-read classic that changed my perspective.'),
(89, 88, 'Relatable characters and emotional depth.'),
(90, 155, 'A must-read classic that changed my perspective.'),
(90, 175, 'Relatable characters and emotional depth.'),
(91, 72, 'A must-read classic that changed my perspective.'),
(91, 188, 'Captivating from start to finish.'),
(92, 191, 'Highly inspirational and motivational.'),
(92, 64, 'Incredible world-building and plot.'),
(93, 67, 'I couldn''t put it down!'),
(93, 33, 'Incredible world-building and plot.'),
(94, 32, 'Perfect for fans of suspense and twists.'),
(95, 51, 'Beautifully written and thought-provoking.'),
(95, 165, 'Unique narrative style and unforgettable ending.'),
(95, 12, 'I couldn''t put it down!'),
(96, 58, 'A must-read classic that changed my perspective.'),
(97, 129, 'Relatable characters and emotional depth.'),
(98, 186, 'Perfect for fans of suspense and twists.'),
(98, 13, 'Perfect for fans of suspense and twists.'),
(98, 28, 'Perfect for fans of suspense and twists.'),
(99, 195, 'Highly inspirational and motivational.'),
(99, 68, 'Highly inspirational and motivational.'),
(100, 191, 'Incredible world-building and plot.');